client_id,limit_bal,sex,education,marriage,age,bill_amt1,pay_amt1,default_payment
ID-010000,300000,2,1,1,71,44701.28,511.4,0
ID-010001,100000,1,2,1,57,29693.56,15759.4,0
ID-010002,150000,1,3,2,28,62851.45,18064.96,0
ID-010003,300000,1,2,1,27,20223.88,5348.31,0
ID-010004,50000,1,3,1,34,75111.6,16247.81,0
ID-010005,500000,1,2,2,23,71518.82,1648.12,1
ID-010006,150000,2,2,1,70,26998.43,11999.36,0
ID-010007,150000,1,3,2,36,58357.1,9712.94,0
ID-010008,300000,2,1,1,39,45857.86,10918.47,0
ID-010009,20000,2,2,2,71,27011.94,18524.1,0
ID-010010,50000,1,1,1,38,79081.73,17426.3,0
ID-010011,300000,1,4,1,72,2018.99,15701.67,0
ID-010012,50000,2,3,2,36,20211.68,5473.97,0
ID-010013,50000,1,1,1,28,41605.92,18236.37,1
ID-010014,500000,1,2,2,53,41756.24,1950.15,0
ID-010015,150000,2,3,1,69,47114.65,17066.58,0
ID-010016,100000,2,1,1,32,60134.09,6563.2,0
ID-010017,500000,1,2,2,73,49878.23,1075.45,0
ID-010018,500000,2,3,1,31,48022.52,13387.14,0
ID-010019,50000,1,1,2,25,4281.16,4625.6,0
ID-010020,200000,1,2,3,47,30122.42,4871.42,0
ID-010021,150000,1,1,2,32,18564.46,6120.94,0
ID-010022,20000,2,3,2,37,21229.61,1273.7,0
ID-010023,500000,2,4,1,26,44347.0,3542.54,0
ID-010024,100000,2,3,1,53,15960.43,102.79,1
ID-010025,200000,2,2,1,25,23515.93,8908.19,0
ID-010026,200000,2,3,2,48,18966.78,1685.11,0
ID-010027,20000,1,3,3,34,75880.24,13653.05,0
ID-010028,500000,1,1,1,25,75573.26,4712.46,1
ID-010029,100000,1,3,2,74,48795.32,18871.48,0
ID-010030,150000,1,1,1,53,73961.8,17425.03,1
ID-010031,10000,2,2,2,70,62865.01,5788.82,1
ID-010032,100000,1,1,2,68,47195.83,15664.31,0
ID-010033,20000,2,1,3,61,514.82,16064.9,0
ID-010034,200000,1,1,2,39,61801.3,19731.26,0
ID-010035,150000,2,2,1,42,56199.07,11956.8,0
ID-010036,100000,2,1,1,25,49220.29,1639.31,0
ID-010037,10000,1,2,1,22,60833.94,12936.74,0
ID-010038,10000,1,1,1,50,41033.77,12499.59,1
ID-010039,50000,1,1,1,67,56326.66,12767.01,0
ID-010040,50000,1,2,2,59,74813.77,6142.91,0
ID-010041,300000,2,2,2,24,30064.4,17193.59,0
ID-010042,20000,1,1,2,53,56649.75,19189.44,0
ID-010043,500000,1,2,1,33,38055.03,4354.25,0
ID-010044,100000,2,3,2,40,53951.97,1763.04,0
ID-010045,100000,1,2,2,74,61031.47,3890.7,0
ID-010046,500000,1,1,1,27,3636.2,16411.04,0
ID-010047,300000,1,1,2,35,51728.04,13532.89,0
ID-010048,200000,1,3,2,43,18139.29,12720.95,0
ID-010049,200000,1,1,1,34,53602.6,8035.86,1
ID-010050,300000,2,3,2,43,37466.41,11556.56,0
ID-010051,200000,1,2,2,39,61884.22,6157.48,0
ID-010052,50000,1,3,1,74,9872.07,9544.0,0
ID-010053,100000,1,2,2,49,50105.79,15861.26,0
ID-010054,300000,1,4,2,40,22277.66,19624.83,0
ID-010055,100000,1,2,2,49,68238.56,18649.78,0
ID-010056,500000,2,2,2,44,74270.68,18677.32,1
ID-010057,10000,1,2,1,38,79711.86,8044.47,0
ID-010058,50000,2,2,2,30,63680.59,9375.8,0
ID-010059,150000,2,2,2,61,60298.73,14112.71,0
ID-010060,50000,1,3,1,28,17240.06,18443.84,0
ID-010061,300000,1,4,2,46,26880.56,2839.89,0
ID-010062,150000,1,2,2,49,37254.6,6084.84,0
ID-010063,10000,1,2,2,30,61870.48,2784.94,1
ID-010064,300000,2,2,1,37,73197.27,12240.17,0
ID-010065,20000,1,2,2,22,15131.13,6126.02,1
ID-010066,100000,1,1,1,26,73789.4,6522.16,0
ID-010067,10000,1,1,1,25,55649.97,1418.32,1
ID-010068,100000,1,2,1,48,48861.66,6995.92,0
ID-010069,200000,1,1,1,61,15987.3,17249.93,0
ID-010070,20000,1,1,2,25,4442.0,4661.46,1
ID-010071,20000,2,1,2,38,45477.19,13903.75,0
ID-010072,10000,2,1,1,46,52121.25,12592.57,1
ID-010073,20000,1,1,2,40,16862.52,17269.69,0
ID-010074,150000,1,4,2,61,44516.5,2645.76,1
ID-010075,20000,1,2,2,69,68519.47,19551.8,0
ID-010076,100000,2,2,1,47,66805.28,11652.57,0
ID-010077,100000,1,2,2,69,74188.41,19909.48,0
ID-010078,300000,2,1,3,32,29270.86,18230.29,0
ID-010079,100000,1,3,2,27,25443.97,4430.35,0
ID-010080,300000,1,2,1,23,59954.08,1123.24,0
ID-010081,100000,1,1,1,30,34488.99,5112.78,0
ID-010082,150000,1,2,2,54,7003.89,10551.27,0
ID-010083,500000,2,3,2,45,22624.09,3431.93,0
ID-010084,300000,2,3,2,55,33486.58,3349.19,0
ID-010085,50000,1,2,2,36,23401.31,9251.87,0
ID-010086,200000,1,2,1,22,26576.45,665.36,0
ID-010087,10000,2,1,2,44,23502.07,2437.76,0
ID-010088,100000,2,4,2,30,3319.93,8317.23,0
ID-010089,20000,2,1,1,58,50967.58,1262.6,1
ID-010090,500000,2,3,2,42,47783.39,7935.1,0
ID-010091,100000,1,2,3,46,52270.68,9480.13,0
ID-010092,20000,2,2,1,63,15384.79,9025.33,1
ID-010093,200000,1,2,2,59,23652.36,17383.5,0
ID-010094,200000,2,1,1,47,49569.27,10601.25,0
ID-010095,200000,2,1,2,49,47970.21,9359.61,0
ID-010096,20000,2,1,2,67,40506.42,8214.18,0
ID-010097,100000,2,1,2,58,28033.06,16352.47,0
ID-010098,200000,2,2,2,40,73034.48,17901.13,0
ID-010099,150000,1,2,1,47,27181.62,17064.85,0
ID-010100,300000,1,1,2,61,36449.53,13470.93,0
ID-010101,20000,2,4,2,74,54249.11,2747.23,1
ID-010102,20000,2,3,1,40,43441.71,5537.4,0
ID-010103,100000,1,3,2,64,27750.88,921.26,0
ID-010104,20000,2,4,2,39,34851.58,18616.48,1
ID-010105,20000,2,1,1,40,63558.47,13215.97,0
ID-010106,200000,1,2,2,55,22250.33,14927.26,0
ID-010107,100000,2,2,2,67,11380.42,6231.43,1
ID-010108,200000,2,2,1,22,25053.06,16913.07,0
ID-010109,300000,1,1,3,50,67962.74,5192.07,0
ID-010110,500000,1,3,1,73,7119.18,32.88,0
ID-010111,300000,1,1,1,54,79335.69,7528.3,0
ID-010112,500000,2,1,1,42,43280.23,11415.23,0
ID-010113,200000,1,2,2,23,78787.66,9574.1,1
ID-010114,300000,1,2,2,26,75119.71,17241.52,0
ID-010115,100000,1,2,1,35,36225.1,2108.11,0
ID-010116,10000,1,1,1,47,15879.29,11076.47,0
ID-010117,200000,1,3,2,30,13190.78,10259.59,0
ID-010118,500000,1,1,1,29,19199.15,5627.86,0
ID-010119,150000,2,1,2,53,56810.61,16444.56,1
ID-010120,500000,2,3,2,52,21836.0,15056.97,0
ID-010121,150000,1,4,2,68,27314.02,14657.18,0
ID-010122,20000,1,3,3,26,35902.3,17523.85,1
ID-010123,300000,1,3,1,61,73058.61,14455.69,0
ID-010124,150000,2,2,3,56,15151.47,4636.83,0
ID-010125,500000,2,2,2,22,402.12,14111.25,0
ID-010126,20000,2,1,2,49,4807.71,6154.06,1
ID-010127,10000,2,2,1,24,72381.31,4843.49,1
ID-010128,100000,2,2,2,21,51801.32,1460.07,1
ID-010129,100000,2,1,1,39,21843.25,14880.57,0
ID-010130,100000,2,2,1,46,14175.4,14220.02,0
ID-010131,150000,2,2,1,45,23541.34,4689.99,0
ID-010132,10000,2,1,2,30,9183.75,14987.58,1
ID-010133,150000,1,1,2,73,75322.63,18356.82,0
ID-010134,300000,1,2,2,35,62736.49,2160.58,0
ID-010135,150000,1,1,2,42,36991.29,4652.73,1
ID-010136,10000,1,3,1,71,69197.01,15005.22,1
ID-010137,10000,2,2,2,68,19956.66,5490.13,0
ID-010138,300000,2,2,1,41,57369.65,12493.28,0
ID-010139,10000,1,2,2,42,68490.6,1623.28,1
ID-010140,500000,2,3,2,56,28541.5,9044.05,0
ID-010141,10000,1,1,2,54,60597.16,14781.83,0
ID-010142,100000,2,2,2,50,23605.79,13730.28,0
ID-010143,500000,1,2,1,45,23908.57,16301.44,0
ID-010144,500000,2,1,2,65,8564.57,17549.04,0
ID-010145,300000,2,3,2,48,35204.64,15463.67,0
ID-010146,50000,1,2,2,21,58376.95,13431.75,0
ID-010147,50000,2,2,1,69,75217.66,634.45,0
ID-010148,10000,1,3,2,65,48303.76,10699.33,1
ID-010149,500000,1,3,2,24,69050.84,753.95,1
ID-010150,50000,1,2,1,27,65799.57,16161.36,0
ID-010151,50000,1,3,1,69,13867.44,6414.49,1
ID-010152,10000,2,2,2,29,38865.39,11248.59,0
ID-010153,50000,2,2,2,56,9353.88,5588.91,0
ID-010154,150000,2,2,1,39,54572.25,15650.0,0
ID-010155,20000,1,2,1,21,75991.97,17730.05,1
ID-010156,300000,2,1,1,30,10967.16,7972.85,0
ID-010157,20000,1,3,1,56,58710.65,17258.45,0
ID-010158,10000,2,3,2,29,50579.05,5341.5,0
ID-010159,100000,2,1,2,65,46688.4,10693.22,0
ID-010160,300000,2,3,2,66,31209.62,17175.23,1
ID-010161,10000,1,1,2,62,28410.53,6517.63,1
ID-010162,500000,2,1,1,52,3619.94,19080.85,0
ID-010163,100000,2,2,2,52,17432.7,2437.59,0
ID-010164,20000,1,1,2,26,1214.15,365.5,0
ID-010165,10000,2,3,3,68,46513.37,18082.71,0
ID-010166,500000,1,3,2,58,8468.26,1372.97,0
ID-010167,300000,2,2,1,37,69841.55,19837.78,0
ID-010168,300000,1,1,2,30,41851.44,19027.94,1
ID-010169,200000,1,1,1,70,55975.19,2740.42,0
ID-010170,500000,2,2,2,47,32868.57,10751.69,0
ID-010171,150000,1,4,1,74,44846.38,3698.41,0
ID-010172,50000,1,2,1,70,75412.73,8563.1,0
ID-010173,100000,1,1,2,55,6618.72,1228.5,1
ID-010174,500000,1,2,1,72,20315.02,4478.49,1
ID-010175,200000,1,2,2,41,62399.07,7265.46,0
ID-010176,50000,1,2,1,45,7898.98,8772.95,0
ID-010177,50000,2,1,2,48,6052.89,19549.93,0
ID-010178,10000,1,2,2,67,28923.31,16157.31,1
ID-010179,50000,1,2,2,35,7373.44,14748.2,0
ID-010180,150000,2,4,1,24,46806.28,10740.83,1
ID-010181,300000,2,1,1,49,18102.02,16799.96,0
ID-010182,200000,2,2,1,29,71655.84,6786.46,0
ID-010183,50000,2,3,1,47,62680.01,14177.98,0
ID-010184,10000,2,1,2,46,55976.42,19875.68,1
ID-010185,150000,2,3,2,39,49355.52,6292.58,0
ID-010186,20000,2,2,2,48,69077.26,13480.35,0
ID-010187,300000,1,1,2,37,17844.96,16886.3,0
ID-010188,300000,1,1,2,63,69848.71,18316.15,0
ID-010189,200000,2,2,2,61,63159.38,14358.65,1
ID-010190,300000,1,1,1,62,59852.87,5672.16,0
ID-010191,50000,1,2,2,70,44900.45,6525.64,0
ID-010192,10000,1,1,2,40,19699.53,415.16,1
ID-010193,300000,2,2,2,65,33883.83,15217.72,0
ID-010194,300000,2,1,1,60,63485.65,854.79,1
ID-010195,20000,1,3,1,59,2542.28,17293.05,1
ID-010196,20000,2,4,2,69,62564.06,2373.21,1
ID-010197,100000,1,4,2,73,19205.66,3437.53,0
ID-010198,150000,1,2,2,43,11544.74,9530.53,0
ID-010199,50000,1,1,1,67,9256.11,14757.61,0
ID-010200,300000,1,2,3,52,2180.0,2780.04,0
ID-010201,500000,2,1,1,72,41886.92,8801.42,0
ID-010202,300000,2,1,1,67,17460.79,9657.03,0
ID-010203,10000,2,1,1,53,79154.54,4245.71,1
ID-010204,100000,1,2,2,66,45954.94,2311.17,1
ID-010205,150000,2,2,2,25,11030.82,16728.42,0
ID-010206,500000,1,2,1,63,55101.0,10049.31,0
ID-010207,100000,2,2,2,68,71819.49,287.62,0
ID-010208,200000,1,1,1,54,59614.36,16059.63,0
ID-010209,150000,1,4,2,60,6115.19,19615.88,0
ID-010210,300000,1,2,2,31,71670.73,12118.52,0
ID-010211,300000,2,2,2,70,63514.35,10074.17,0
ID-010212,150000,2,1,1,23,12664.31,17568.32,1
ID-010213,300000,2,2,3,53,4142.87,19050.34,0
ID-010214,50000,2,2,2,31,44584.85,15090.74,0
ID-010215,150000,1,1,1,36,12482.86,8909.06,0
ID-010216,100000,2,1,2,38,66767.28,11844.43,0
ID-010217,150000,2,2,1,50,28666.77,14018.71,0
ID-010218,500000,1,2,2,68,73031.4,3885.47,1
ID-010219,300000,1,1,1,30,45255.05,8944.02,0
ID-010220,50000,1,4,2,38,14613.79,16596.43,0
ID-010221,50000,2,1,2,58,11167.91,13094.51,1
ID-010222,200000,1,2,1,39,46117.8,8224.08,0
ID-010223,100000,1,3,1,56,60950.69,13267.25,0
ID-010224,20000,1,2,1,33,62520.45,2364.45,1
ID-010225,20000,2,2,2,66,22060.59,8029.95,0
ID-010226,150000,1,2,1,23,16339.74,15862.57,0
ID-010227,200000,2,1,2,30,1340.5,4410.18,0
ID-010228,10000,2,4,1,58,54335.93,3719.23,0
ID-010229,150000,1,2,1,21,6125.46,19016.37,0
ID-010230,200000,1,3,2,47,33660.9,4197.95,0
ID-010231,100000,2,1,1,66,48134.57,5218.37,0
ID-010232,100000,1,1,2,28,74968.72,19392.32,0
ID-010233,100000,1,1,2,71,24944.17,14694.17,1
ID-010234,100000,2,2,2,66,19981.77,13991.93,0
ID-010235,100000,2,2,2,62,52332.81,17058.53,0
ID-010236,200000,1,3,2,37,49539.12,2316.46,0
ID-010237,200000,2,2,1,29,26568.78,14119.12,0
ID-010238,50000,1,4,1,26,74248.15,10073.77,0
ID-010239,500000,1,1,1,63,67588.99,16583.01,0
ID-010240,20000,1,3,2,45,17918.6,10162.83,0
ID-010241,300000,2,2,1,59,19131.4,12404.83,0
ID-010242,100000,1,2,2,69,40984.03,9554.84,0
ID-010243,10000,1,3,3,48,61885.77,9563.18,0
ID-010244,300000,1,2,2,53,3523.23,15359.4,0
ID-010245,200000,2,2,2,74,55466.81,12571.33,0
ID-010246,10000,2,1,1,57,51858.87,12665.26,1
ID-010247,10000,2,1,2,29,18518.41,9005.65,0
ID-010248,10000,2,3,2,38,54508.24,10622.19,0
ID-010249,50000,2,2,1,41,75214.66,14914.35,0
ID-010250,200000,1,2,1,22,3742.87,16518.82,0
ID-010251,10000,2,2,2,63,25572.16,13931.23,0
ID-010252,100000,2,1,2,58,35054.14,18481.46,0
ID-010253,150000,2,1,2,60,71940.83,16406.48,0
ID-010254,10000,1,2,2,56,76980.92,11237.28,0
ID-010255,50000,2,2,2,70,35529.22,13428.12,0
ID-010256,300000,2,1,2,63,60002.27,18526.17,0
ID-010257,200000,1,2,1,57,42532.88,12383.36,0
ID-010258,500000,2,1,1,35,43022.63,16496.14,0
ID-010259,50000,1,2,1,48,22247.96,13776.21,0
ID-010260,10000,1,1,2,38,17356.5,11038.73,1
ID-010261,200000,1,2,2,54,23040.43,4836.76,0
ID-010262,150000,1,1,2,42,44506.24,8519.95,0
ID-010263,10000,1,2,1,31,2332.41,19354.86,1
ID-010264,50000,2,1,2,33,72579.92,13155.31,0
ID-010265,20000,1,1,2,24,12502.7,11287.91,0
ID-010266,100000,1,2,2,42,17607.09,18659.13,0
ID-010267,500000,2,2,2,27,41462.09,11730.24,1
ID-010268,300000,1,2,1,63,56809.18,10521.65,0
ID-010269,50000,2,1,2,74,7658.32,15186.22,1
ID-010270,200000,2,2,1,44,25415.58,14253.31,0
ID-010271,500000,2,3,1,24,77493.97,3863.2,1
ID-010272,500000,1,2,2,48,20987.44,9426.17,0
ID-010273,500000,1,1,2,35,25044.01,9450.31,0
ID-010274,10000,1,2,3,21,66919.88,7564.49,0
ID-010275,100000,2,1,2,23,4017.15,10345.87,0
ID-010276,10000,1,1,2,34,37169.05,8262.15,1
ID-010277,200000,1,4,2,58,30369.34,3986.91,0
ID-010278,10000,1,1,2,70,25326.94,8247.33,0
ID-010279,20000,2,2,1,21,22855.97,1445.54,0
ID-010280,100000,2,2,1,58,7309.93,11515.72,1
ID-010281,100000,1,2,1,58,25186.07,17073.09,0
ID-010282,200000,1,2,2,41,3444.19,14505.74,0
ID-010283,300000,1,1,1,68,62477.11,7207.88,0
ID-010284,20000,1,1,1,49,31858.22,1741.42,1
ID-010285,50000,2,2,1,25,35512.31,4042.99,1
ID-010286,10000,2,1,3,69,71487.57,10909.81,1
ID-010287,150000,2,2,1,30,52644.4,4141.14,0
ID-010288,10000,2,1,2,48,644.73,10879.46,0
ID-010289,500000,1,1,1,41,75453.99,4631.98,0
ID-010290,10000,1,2,2,70,18971.56,16978.48,0
ID-010291,50000,1,1,1,27,8609.13,7945.43,0
ID-010292,10000,2,2,1,23,61450.25,4911.01,0
ID-010293,20000,1,2,2,65,40038.19,16246.52,0
ID-010294,20000,2,3,1,67,34701.65,6856.78,1
ID-010295,100000,2,1,1,40,19960.25,2229.75,0
ID-010296,200000,1,1,1,39,43797.72,11408.19,0
ID-010297,300000,1,1,1,55,21950.77,11631.28,0
ID-010298,150000,1,2,1,24,72126.64,14293.91,0
ID-010299,500000,2,2,1,25,17216.36,4804.39,1
ID-010300,10000,1,1,2,21,70748.41,8875.43,0
ID-010301,10000,2,3,2,24,44752.43,5647.36,0
ID-010302,50000,1,1,2,32,66279.05,1619.07,0
ID-010303,200000,2,2,1,47,57027.68,17532.28,0
ID-010304,20000,2,2,2,62,55735.61,14577.4,1
ID-010305,150000,1,3,1,43,25947.66,6029.26,0
ID-010306,100000,2,2,1,45,18711.75,11987.46,1
ID-010307,20000,2,3,2,41,16870.9,4025.28,0
ID-010308,500000,1,1,1,72,68575.33,17804.73,0
ID-010309,200000,2,3,1,44,65634.15,2298.13,0
ID-010310,500000,1,1,2,45,35245.88,76.74,0
ID-010311,300000,2,3,2,65,10592.37,10040.16,0
ID-010312,100000,1,2,2,66,30580.18,11662.56,0
ID-010313,300000,1,3,2,52,49547.48,11579.31,0
ID-010314,50000,2,2,3,52,36352.25,1090.24,0
ID-010315,500000,2,2,1,25,62415.14,6280.88,0
ID-010316,50000,2,2,1,56,79809.83,9983.98,0
ID-010317,10000,2,2,1,66,15290.57,4331.58,0
ID-010318,300000,2,1,1,62,36772.07,17452.52,1
ID-010319,200000,1,1,1,69,34478.71,1742.19,0
ID-010320,500000,2,1,2,62,24359.4,9747.69,1
ID-010321,150000,1,1,2,59,15847.64,13828.32,0
ID-010322,100000,1,3,2,36,5255.37,5235.02,1
ID-010323,20000,2,1,1,53,70969.55,12484.81,0
ID-010324,200000,1,4,2,69,33587.9,16587.7,0
ID-010325,200000,1,1,3,41,39751.64,3806.74,0
ID-010326,50000,1,1,2,29,73355.36,18344.41,0
ID-010327,300000,1,2,1,26,62103.24,11071.17,0
ID-010328,500000,2,2,2,71,10440.1,5984.64,0
ID-010329,500000,1,2,1,65,45233.6,8617.17,0
ID-010330,10000,2,2,1,55,35380.18,6243.84,1
ID-010331,10000,2,2,1,59,63776.89,14502.22,1
ID-010332,100000,1,1,2,42,57938.6,15926.01,0
ID-010333,50000,2,4,2,61,55232.46,16658.75,0
ID-010334,200000,2,4,1,74,27243.59,19715.36,1
ID-010335,500000,2,2,1,25,64397.1,15825.69,0
ID-010336,150000,1,1,2,62,4191.3,12027.68,0
ID-010337,50000,2,2,1,43,12769.99,6784.41,0
ID-010338,100000,2,1,1,37,26849.86,10891.91,0
ID-010339,100000,2,1,1,32,6144.6,821.36,0
ID-010340,50000,1,1,2,43,18799.54,14896.5,0
ID-010341,100000,2,2,1,36,66412.08,8919.11,0
ID-010342,50000,1,3,1,23,75860.12,400.46,0
ID-010343,20000,1,2,1,50,24368.19,1250.14,0
ID-010344,50000,1,2,2,42,21161.26,7749.33,1
ID-010345,300000,1,2,2,29,22391.41,11668.43,0
ID-010346,50000,1,1,2,49,22217.53,9284.08,0
ID-010347,100000,1,2,1,67,2874.41,12384.09,0
ID-010348,500000,2,4,2,57,74153.31,9605.89,0
ID-010349,300000,1,1,1,43,17095.85,13234.08,0
ID-010350,100000,2,3,2,33,33600.33,4382.52,1
ID-010351,10000,2,2,2,52,774.95,2256.86,0
ID-010352,10000,1,2,2,66,68636.41,11928.68,1
ID-010353,500000,2,2,2,72,58492.59,9693.79,0
ID-010354,500000,2,2,2,67,75740.48,537.35,1
ID-010355,300000,2,3,1,68,62529.24,7609.64,1
ID-010356,20000,2,3,2,43,25096.52,2122.51,0
ID-010357,500000,1,2,1,65,19829.87,10627.14,0
ID-010358,10000,2,1,2,37,55817.3,7915.55,0
ID-010359,50000,1,2,1,60,29129.02,12263.04,0
ID-010360,100000,2,3,1,41,45297.2,16112.04,0
ID-010361,10000,2,1,1,22,500.6,5993.37,1
ID-010362,10000,1,2,1,57,4950.86,19242.04,0
ID-010363,20000,2,2,2,26,42829.44,10712.69,0
ID-010364,300000,2,2,2,64,45285.73,12365.82,0
ID-010365,300000,2,1,1,38,60116.24,13613.45,0
ID-010366,200000,1,2,1,50,10557.23,13334.63,0
ID-010367,20000,2,3,2,42,41054.65,10219.41,0
ID-010368,50000,1,1,1,74,15555.81,8575.29,0
ID-010369,300000,2,1,2,53,7455.69,1075.64,0
ID-010370,100000,1,4,2,50,32839.66,441.72,0
ID-010371,500000,1,1,2,37,13066.93,7159.22,0
ID-010372,20000,2,3,2,63,17742.56,6673.22,0
ID-010373,500000,2,2,1,52,25404.37,7753.9,0
ID-010374,10000,1,1,2,62,20751.07,2767.36,0
ID-010375,100000,1,3,1,71,7007.3,14763.37,0
ID-010376,100000,2,2,1,34,7193.3,17139.29,0
ID-010377,10000,1,2,2,30,15459.95,18774.29,1
ID-010378,20000,2,2,1,67,4044.74,9847.25,1
ID-010379,10000,2,2,2,71,50116.56,14017.31,0
ID-010380,500000,2,1,2,56,22986.14,17111.02,0
ID-010381,200000,2,2,2,54,22379.68,8365.82,0
ID-010382,100000,1,4,2,29,26559.86,6188.26,0
ID-010383,150000,2,1,1,62,53023.7,18734.49,0
ID-010384,150000,1,2,1,48,69650.71,10313.53,0
ID-010385,500000,2,1,2,31,60726.95,9945.08,0
ID-010386,50000,1,2,1,34,58202.34,3568.32,1
ID-010387,300000,2,1,2,59,38751.29,2163.1,0
ID-010388,10000,1,4,2,67,55504.44,16842.14,1
ID-010389,10000,1,2,2,74,44220.99,12282.66,0
ID-010390,50000,2,1,1,39,17300.04,6516.49,0
ID-010391,50000,2,1,1,74,16687.07,3834.72,0
ID-010392,500000,2,1,1,35,23711.36,11109.95,0
ID-010393,500000,2,2,1,48,72864.21,11678.39,0
ID-010394,50000,1,1,2,44,43793.19,4139.87,0
ID-010395,100000,2,3,1,28,58712.43,17028.11,1
ID-010396,500000,1,2,1,63,27724.7,1685.29,0
ID-010397,200000,1,1,1,29,32617.26,7121.86,0
ID-010398,500000,2,2,2,67,10045.25,13607.69,0
ID-010399,10000,1,2,2,53,13703.6,5482.41,1
ID-010400,500000,1,1,1,53,66188.52,16553.5,1
ID-010401,100000,1,1,1,39,46787.09,14797.36,1
ID-010402,50000,1,1,1,23,27002.6,15780.46,0
ID-010403,10000,2,2,1,30,64228.1,2382.13,0
ID-010404,500000,2,2,2,60,19721.59,2810.94,1
ID-010405,100000,2,2,2,67,78082.62,5729.47,0
ID-010406,200000,2,3,1,62,27585.41,10361.54,0
ID-010407,500000,1,3,1,21,26984.88,14960.32,0
ID-010408,100000,1,2,3,49,24952.95,16730.62,0
ID-010409,200000,2,3,2,70,9768.92,14086.71,0
ID-010410,50000,2,1,2,54,8890.97,18571.94,0
ID-010411,500000,2,1,1,71,51848.4,14774.87,0
ID-010412,200000,1,1,2,33,70009.44,6125.36,1
ID-010413,10000,2,1,1,74,63241.64,5301.63,0
ID-010414,50000,2,2,2,21,11288.61,13923.85,0
ID-010415,10000,2,3,3,54,43646.57,3857.41,0
ID-010416,150000,1,1,1,49,8447.32,1854.3,1
ID-010417,20000,1,1,1,68,3623.57,10644.46,0
ID-010418,500000,1,2,1,67,52510.87,16432.83,1
ID-010419,200000,1,3,1,33,42812.19,2027.6,1
ID-010420,20000,1,1,1,68,6561.89,15837.83,0
ID-010421,20000,1,2,1,69,2795.14,16231.44,0
ID-010422,200000,1,1,2,73,79180.51,9645.48,0
ID-010423,50000,1,1,2,49,2401.71,1146.21,0
ID-010424,500000,2,4,1,59,35562.26,3491.8,1
ID-010425,150000,2,4,2,44,40369.52,14148.53,0
ID-010426,10000,1,1,1,46,9382.41,14235.56,0
ID-010427,100000,1,4,3,37,13524.94,17967.11,0
ID-010428,10000,2,2,1,27,28144.4,11653.72,0
ID-010429,100000,1,3,2,33,60934.07,2482.15,0
ID-010430,10000,1,2,2,25,40566.59,2428.3,0
ID-010431,200000,1,2,2,46,51032.15,14422.65,1
ID-010432,150000,2,2,3,69,78813.96,3675.69,0
ID-010433,500000,2,2,1,23,61440.43,6567.71,0
ID-010434,100000,2,1,3,27,34748.92,9744.24,1
ID-010435,500000,2,1,1,69,35715.35,495.3,0
ID-010436,500000,2,1,1,59,49501.77,4976.38,0
ID-010437,500000,1,2,1,73,53229.22,8157.79,0
ID-010438,300000,2,1,2,21,40056.87,5592.73,1
ID-010439,50000,1,2,1,69,51588.9,2727.41,1
ID-010440,10000,1,4,2,37,1882.6,14560.25,0
ID-010441,500000,2,1,2,63,34369.83,16262.95,0
ID-010442,10000,2,2,2,45,22315.05,5149.58,0
ID-010443,500000,1,2,2,23,10333.96,15488.39,0
ID-010444,100000,1,3,1,35,7963.72,7711.07,0
ID-010445,50000,1,1,1,49,48255.37,10133.72,0
ID-010446,50000,2,2,1,73,41888.04,17120.02,0
ID-010447,200000,2,3,1,63,20286.73,14999.07,0
ID-010448,300000,2,3,1,52,37676.0,16102.34,0
ID-010449,200000,2,2,1,46,39378.59,2736.9,1
ID-010450,200000,2,2,1,36,15600.72,1394.39,0
ID-010451,200000,1,2,3,45,52167.44,17868.09,0
ID-010452,200000,2,3,2,74,62473.55,7756.69,0
ID-010453,200000,1,2,1,48,63317.08,5757.59,0
ID-010454,150000,1,1,2,29,48197.59,14493.93,0
ID-010455,50000,1,3,1,21,40931.09,16728.31,0
ID-010456,200000,2,2,1,49,4880.57,17249.79,0
ID-010457,500000,2,2,2,42,23026.5,6319.94,0
ID-010458,50000,2,1,2,36,7461.72,17044.25,0
ID-010459,50000,1,2,1,61,77105.85,818.68,0
ID-010460,20000,1,2,3,71,10806.41,993.23,0
ID-010461,150000,1,2,2,64,12142.03,12470.38,1
ID-010462,200000,1,1,2,71,71166.13,1262.13,0
ID-010463,10000,1,2,2,74,75514.26,6492.18,1
ID-010464,100000,1,4,2,61,61266.32,13455.12,0
ID-010465,300000,2,1,1,27,432.39,6745.34,0
ID-010466,500000,2,4,1,34,107.7,3592.0,0
ID-010467,10000,2,2,1,49,30248.06,5627.01,0
ID-010468,150000,2,3,2,39,11471.63,9151.51,0
ID-010469,100000,1,2,2,39,1470.89,9507.72,1
ID-010470,150000,1,2,1,22,37125.34,15660.0,0
ID-010471,500000,2,2,3,61,75444.95,15003.06,0
ID-010472,50000,1,3,2,65,25905.57,9136.36,0
ID-010473,100000,2,2,2,35,52891.25,16913.35,0
ID-010474,50000,2,1,2,23,52178.83,2284.74,1
ID-010475,500000,2,2,2,31,20086.41,5107.07,0
ID-010476,10000,1,3,1,73,52034.02,16559.53,0
ID-010477,500000,2,2,2,66,16986.72,7559.88,0
ID-010478,10000,2,2,1,50,9760.59,19623.63,1
ID-010479,100000,2,2,2,60,56110.66,9325.07,0
ID-010480,100000,1,3,1,38,9075.27,15838.71,0
ID-010481,200000,1,1,2,71,79752.74,8046.14,0
ID-010482,150000,2,2,2,68,14676.19,8499.07,0
ID-010483,200000,1,1,1,22,47531.35,7657.66,0
ID-010484,150000,1,1,2,52,32909.97,14381.51,0
ID-010485,200000,1,2,3,28,10110.91,10950.36,0
ID-010486,50000,1,2,2,42,2227.51,18875.56,0
ID-010487,100000,1,2,2,26,49818.58,5017.81,0
ID-010488,10000,1,2,2,32,64540.61,2011.25,0
ID-010489,150000,1,2,1,67,67361.25,7865.23,0
ID-010490,500000,1,1,1,60,38617.08,12334.25,0
ID-010491,150000,1,2,1,56,62196.44,17215.98,0
ID-010492,10000,1,1,2,35,53827.77,6923.94,0
ID-010493,200000,2,1,1,48,57940.36,13075.74,0
ID-010494,150000,2,2,2,72,39407.92,7003.97,0
ID-010495,300000,1,2,2,69,50672.94,12344.39,0
ID-010496,50000,2,2,2,65,64442.07,17696.16,0
ID-010497,100000,2,2,2,38,31830.73,4627.15,0
ID-010498,10000,1,2,3,22,64478.31,8084.83,1
ID-010499,100000,1,3,1,33,47361.35,19865.3,0
ID-010500,300000,1,2,2,65,13272.08,17371.14,0
ID-010501,150000,2,2,2,74,1974.73,11292.8,0
ID-010502,150000,2,1,2,35,29020.29,10332.55,0
ID-010503,500000,1,1,3,40,43735.71,5692.01,1
ID-010504,300000,1,2,1,49,67185.63,10344.19,0
ID-010505,10000,1,2,1,62,10198.85,16963.63,0
ID-010506,500000,2,2,2,49,64016.51,13703.49,0
ID-010507,50000,2,2,1,23,69040.72,5800.88,0
ID-010508,500000,2,2,2,39,12055.0,4029.28,1
ID-010509,20000,2,2,2,23,68127.55,5304.17,0
ID-010510,10000,1,3,1,74,79316.29,3395.18,0
ID-010511,20000,1,2,2,34,58147.11,1912.81,1
ID-010512,300000,1,4,1,60,62781.57,8382.72,1
ID-010513,200000,1,1,2,24,79553.22,2265.99,0
ID-010514,20000,2,1,2,72,48438.5,3438.25,0
ID-010515,50000,2,1,2,31,24630.91,10946.49,0
ID-010516,500000,1,2,1,51,67002.47,3291.99,0
ID-010517,200000,1,3,2,63,49158.86,1277.6,0
ID-010518,500000,2,1,2,52,46495.63,6347.78,1
ID-010519,20000,1,3,2,47,20290.84,4406.38,0
ID-010520,500000,2,1,2,50,60506.74,10306.1,0
ID-010521,300000,1,3,1,63,6533.38,2047.34,1
ID-010522,200000,1,2,1,22,73942.97,15035.42,0
ID-010523,300000,1,1,1,69,26065.88,18124.67,0
ID-010524,20000,1,2,2,29,10221.97,14868.7,0
ID-010525,300000,1,1,1,48,35389.32,10656.54,0
ID-010526,50000,1,1,1,51,3397.59,17213.36,0
ID-010527,20000,1,1,3,54,54770.1,13898.37,0
ID-010528,20000,2,3,1,35,72216.44,211.02,1
ID-010529,20000,2,2,3,68,66981.04,7881.8,0
ID-010530,10000,2,1,2,45,10189.56,17019.04,0
ID-010531,500000,2,2,2,56,10101.69,6917.18,0
ID-010532,10000,2,2,1,28,65074.76,704.3,0
ID-010533,10000,1,1,1,29,73940.34,14923.59,0
ID-010534,50000,1,2,2,57,36853.59,16040.77,1
ID-010535,200000,2,1,2,68,39917.69,3211.87,0
ID-010536,500000,1,1,2,65,25460.96,10746.81,1
ID-010537,300000,2,2,1,59,71541.21,3839.11,1
ID-010538,150000,2,1,2,52,51592.23,14384.69,0
ID-010539,20000,1,2,2,72,23060.13,5431.01,0
ID-010540,300000,1,2,2,37,23902.63,6324.3,0
ID-010541,20000,1,1,2,55,71296.01,16899.42,0
ID-010542,50000,2,2,2,57,1090.72,9526.45,0
ID-010543,20000,1,1,2,39,25818.13,13395.09,0
ID-010544,10000,2,4,1,64,44348.53,8047.46,0
ID-010545,500000,2,2,2,49,11857.4,5960.14,0
ID-010546,150000,2,3,1,27,7367.9,12509.56,0
ID-010547,100000,1,2,1,48,65222.11,3097.15,0
ID-010548,20000,1,1,1,29,71552.35,7460.0,0
ID-010549,300000,2,2,1,48,65888.51,4180.74,0
ID-010550,10000,1,4,1,26,71903.03,13915.9,0
ID-010551,100000,1,2,1,49,44248.96,18884.18,0
ID-010552,150000,1,3,2,37,64980.65,19910.22,1
ID-010553,100000,2,3,2,36,30723.41,9005.54,0
ID-010554,10000,2,1,1,43,53301.43,5050.61,0
ID-010555,500000,1,1,3,51,79106.84,8856.59,1
ID-010556,500000,2,2,2,23,18058.22,16945.39,0
ID-010557,200000,1,2,1,41,31191.98,4120.11,1
ID-010558,500000,1,3,1,46,38403.79,19041.91,0
ID-010559,200000,1,3,2,56,11041.24,6837.32,0
ID-010560,100000,1,2,2,62,6483.09,19716.07,0
ID-010561,50000,2,1,2,57,66377.83,16772.18,0
ID-010562,300000,2,2,1,73,78143.55,16171.41,0
ID-010563,300000,2,1,1,42,32378.01,6358.09,0
ID-010564,100000,1,3,1,62,7011.99,175.54,1
ID-010565,20000,1,2,1,32,5264.94,7642.66,0
ID-010566,20000,1,2,1,62,71305.46,6036.19,1
ID-010567,500000,2,1,1,33,37105.14,747.94,0
ID-010568,300000,1,2,2,31,25602.19,10107.31,0
ID-010569,300000,2,2,2,74,38116.9,8060.63,0
ID-010570,200000,2,2,1,36,25464.33,12691.13,0
ID-010571,50000,2,1,2,28,39122.86,12423.73,0
ID-010572,10000,2,2,1,60,68764.51,2414.93,0
ID-010573,20000,2,3,2,60,47384.11,19539.31,1
ID-010574,300000,2,1,1,65,55572.3,3738.63,0
ID-010575,200000,1,1,2,22,29173.65,8905.48,0
ID-010576,150000,1,1,3,50,59080.47,9762.35,1
ID-010577,200000,2,2,2,50,53329.37,16261.26,0
ID-010578,20000,2,2,1,32,9564.96,1984.59,1
ID-010579,20000,1,2,2,30,45811.43,8572.89,1
ID-010580,200000,2,1,1,64,20539.48,12570.04,1
ID-010581,10000,2,2,2,31,64327.65,4303.11,1
ID-010582,100000,1,2,2,35,34075.02,12549.36,0
ID-010583,20000,2,2,1,36,79574.73,18473.3,0
ID-010584,200000,2,4,2,37,7400.04,19950.36,1
ID-010585,300000,2,1,2,46,62427.83,649.02,0
ID-010586,200000,1,2,1,22,53896.14,4711.76,1
ID-010587,50000,1,2,2,70,61399.91,6206.14,0
ID-010588,100000,1,2,1,32,24602.38,7982.52,1
ID-010589,150000,2,2,2,71,39364.36,4845.14,0
ID-010590,10000,2,2,2,46,63720.68,4069.76,0
ID-010591,500000,1,4,2,43,18603.31,19091.08,1
ID-010592,150000,2,1,2,38,18082.66,18370.43,0
ID-010593,100000,2,1,2,52,44084.08,939.85,0
ID-010594,100000,2,2,1,69,41885.09,6776.26,0
ID-010595,100000,2,2,2,58,22581.0,8102.97,0
ID-010596,150000,2,1,1,67,23846.05,4780.29,0
ID-010597,300000,1,1,2,23,22227.61,12577.46,0
ID-010598,100000,2,1,1,58,61720.96,12807.61,0
ID-010599,200000,1,3,1,23,52152.07,17010.08,0
ID-010600,150000,2,1,2,50,66593.37,14817.39,0
ID-010601,500000,1,1,1,21,78037.84,10851.47,0
ID-010602,100000,2,1,2,50,37933.14,13071.74,0
ID-010603,200000,1,2,1,65,5335.51,5479.78,0
ID-010604,300000,2,1,1,52,3847.38,11861.12,0
ID-010605,50000,1,2,2,48,23653.2,9784.55,1
ID-010606,300000,2,1,1,41,74603.57,2666.89,0
ID-010607,500000,1,3,1,66,41857.04,4850.89,0
ID-010608,100000,2,1,2,33,21742.92,5833.87,0
ID-010609,500000,1,2,1,47,31933.34,18486.19,1
ID-010610,150000,1,3,2,56,47887.61,4607.73,0
ID-010611,20000,2,2,1,27,52235.97,5784.88,0
ID-010612,100000,2,2,1,42,12313.56,7387.08,0
ID-010613,20000,1,1,2,30,78162.53,13274.85,0
ID-010614,200000,2,1,1,59,43581.78,2364.77,0
ID-010615,50000,1,2,1,73,10855.07,19078.9,1
ID-010616,10000,1,4,1,35,71490.82,17311.42,1
ID-010617,500000,1,2,1,35,5971.07,11544.32,0
ID-010618,300000,2,2,2,24,72618.83,13480.76,1
ID-010619,50000,1,2,1,52,79725.25,333.21,0
ID-010620,100000,1,2,2,43,56034.54,6778.9,0
ID-010621,20000,2,1,2,26,61635.78,15913.2,0
ID-010622,300000,2,2,1,44,26984.23,1549.66,1
ID-010623,20000,2,4,2,40,75326.15,5646.28,0
ID-010624,150000,2,1,1,57,42377.12,11705.94,0
ID-010625,20000,1,2,3,40,58591.08,5128.26,0
ID-010626,150000,1,1,1,32,73928.62,18679.56,0
ID-010627,200000,1,2,2,53,78014.4,2621.17,0
ID-010628,300000,1,1,2,48,66656.35,15947.89,0
ID-010629,300000,2,2,1,28,24241.4,10158.97,0
ID-010630,10000,1,2,2,21,77323.8,15006.62,0
ID-010631,100000,1,1,2,57,50249.56,6214.31,0
ID-010632,150000,2,2,1,42,74451.4,10289.79,0
ID-010633,10000,1,2,1,26,54088.4,17136.71,0
ID-010634,20000,1,3,2,41,24579.12,9337.56,0
ID-010635,20000,1,1,2,52,29601.96,7194.4,0
ID-010636,10000,1,2,3,55,44037.74,10723.11,1
ID-010637,300000,1,1,2,35,63201.19,14347.26,0
ID-010638,20000,1,4,3,25,25438.6,8871.27,1
ID-010639,500000,2,3,2,66,46378.49,18777.54,1
ID-010640,200000,2,2,1,70,27650.0,5898.92,0
ID-010641,200000,1,3,1,68,65261.55,9509.27,0
ID-010642,500000,1,2,2,26,37338.25,15138.55,0
ID-010643,10000,2,2,2,45,6137.83,13782.42,0
ID-010644,500000,1,1,1,66,13284.2,17272.82,1
ID-010645,150000,1,2,1,60,4888.37,19936.18,0
ID-010646,150000,1,1,3,49,39944.24,8537.17,1
ID-010647,10000,2,3,2,27,8506.98,2223.02,0
ID-010648,500000,1,2,1,60,9131.2,608.32,0
ID-010649,150000,2,2,2,33,75283.86,14537.54,0
ID-010650,300000,1,1,1,58,69812.41,17480.27,0
ID-010651,500000,2,1,1,38,36166.93,4414.25,0
ID-010652,300000,2,1,1,22,78864.43,3168.96,0
ID-010653,150000,1,2,1,28,14.92,1244.1,1
ID-010654,200000,2,1,2,31,49118.36,16454.06,0
ID-010655,150000,1,3,1,53,49314.25,6227.64,0
ID-010656,300000,2,2,2,74,36595.44,8033.94,1
ID-010657,50000,1,1,2,58,31755.84,10055.0,0
ID-010658,100000,1,2,1,68,36430.65,16789.06,0
ID-010659,20000,2,2,2,47,33196.83,13016.66,0
ID-010660,500000,1,2,2,40,58439.4,12301.29,0
ID-010661,50000,1,2,2,32,10828.43,3513.44,0
ID-010662,150000,2,3,1,63,15811.14,10263.8,0
ID-010663,200000,1,2,2,51,14441.46,14307.62,0
ID-010664,10000,1,4,2,47,20997.65,19465.22,0
ID-010665,150000,2,3,1,52,42020.67,4028.13,0
ID-010666,200000,2,1,1,30,8896.7,190.87,0
ID-010667,100000,1,3,2,23,69453.54,1506.03,0
ID-010668,150000,1,1,2,65,23788.92,7517.05,0
ID-010669,300000,2,3,1,47,13003.04,16410.89,0
ID-010670,10000,2,2,2,55,54049.7,142.84,0
ID-010671,200000,1,3,1,51,3046.9,9134.61,0
ID-010672,200000,2,3,2,35,49597.49,6584.61,0
ID-010673,200000,1,3,1,36,55855.87,1049.63,1
ID-010674,100000,1,2,2,33,17193.32,9004.73,0
ID-010675,150000,1,1,1,69,3357.13,5094.97,0
ID-010676,100000,1,1,1,55,29091.63,7037.7,0
ID-010677,500000,1,2,1,72,7887.54,14112.31,1
ID-010678,20000,2,1,1,31,9318.23,10431.02,0
ID-010679,20000,2,2,2,41,20340.9,2492.95,1
ID-010680,500000,2,1,1,71,23637.43,19228.29,0
ID-010681,150000,2,4,2,74,42397.63,12718.22,0
ID-010682,300000,1,2,1,31,54271.35,15317.37,0
ID-010683,100000,1,3,1,50,47421.68,1584.26,0
ID-010684,10000,1,1,1,68,11868.83,941.17,0
ID-010685,200000,1,3,1,73,13766.88,388.96,0
ID-010686,200000,2,3,1,55,70301.54,3775.88,0
ID-010687,150000,1,2,1,42,44668.19,8288.17,0
ID-010688,300000,1,2,2,58,69595.03,18716.52,0
ID-010689,20000,2,2,1,51,29723.72,9141.19,0
ID-010690,20000,2,1,2,34,49152.0,5805.1,1
ID-010691,200000,2,2,2,44,41893.07,11238.71,0
ID-010692,150000,2,2,1,70,25529.88,2238.69,1
ID-010693,100000,1,1,2,69,37593.23,12190.12,0
ID-010694,20000,1,2,3,52,40199.27,11368.64,1
ID-010695,100000,2,1,2,56,16061.68,15839.86,0
ID-010696,300000,1,1,2,52,25200.83,19733.75,0
ID-010697,20000,1,1,1,35,63312.78,5017.47,1
ID-010698,20000,1,4,2,63,73263.06,10193.13,0
ID-010699,50000,2,2,2,55,28783.53,18177.31,0
ID-010700,20000,1,4,2,23,24557.78,15703.8,0
ID-010701,500000,2,2,3,36,15615.77,9748.13,0
ID-010702,10000,1,1,1,25,54279.29,18907.43,0
ID-010703,500000,1,2,1,41,25847.98,1144.73,0
ID-010704,150000,1,2,2,30,79019.96,18619.97,0
ID-010705,150000,2,1,2,39,26054.78,1010.15,0
ID-010706,100000,1,2,1,45,31530.88,10946.09,0
ID-010707,500000,2,1,1,24,48266.74,17808.82,0
ID-010708,500000,2,2,1,49,64134.74,5254.42,0
ID-010709,500000,2,2,1,39,37561.49,9444.97,1
ID-010710,300000,1,1,2,63,33812.48,6486.58,0
ID-010711,20000,1,1,2,22,79651.03,19042.88,0
ID-010712,10000,1,2,1,30,839.49,16472.91,0
ID-010713,100000,1,2,1,63,71605.22,14180.03,1
ID-010714,500000,2,1,1,45,11931.27,11752.54,0
ID-010715,500000,2,4,1,40,62874.02,16411.84,0
ID-010716,50000,2,1,2,68,49434.52,7845.34,0
ID-010717,100000,1,2,3,39,27347.78,8951.04,0
ID-010718,500000,2,4,2,43,69910.0,14600.03,0
ID-010719,100000,1,1,1,44,1032.58,7155.1,0
ID-010720,20000,2,1,2,31,18135.25,1278.02,1
ID-010721,50000,1,1,2,66,45351.42,1486.69,0
ID-010722,100000,1,1,2,54,28123.38,2307.26,0
ID-010723,10000,2,1,2,48,48830.2,17393.63,1
ID-010724,10000,2,2,1,25,1928.82,9444.53,0
ID-010725,150000,2,1,1,25,9316.71,14257.65,1
ID-010726,50000,2,2,1,71,10167.7,7858.19,0
ID-010727,50000,1,4,1,41,15142.69,5174.22,0
ID-010728,150000,2,3,1,32,36746.52,6943.84,0
ID-010729,100000,2,2,2,70,60170.3,15883.65,0
ID-010730,50000,2,1,2,24,72443.11,12504.32,0
ID-010731,10000,1,2,2,74,66829.8,18752.8,1
ID-010732,10000,1,2,1,69,15751.03,13594.1,0
ID-010733,500000,2,2,3,62,35292.04,11403.63,0
ID-010734,20000,1,1,2,40,15952.93,12203.92,0
ID-010735,50000,2,3,2,58,21157.75,18847.43,0
ID-010736,100000,1,2,3,45,40283.76,15764.02,0
ID-010737,150000,1,1,2,34,5448.72,480.82,0
ID-010738,150000,1,2,3,31,17453.95,10682.79,0
ID-010739,100000,1,2,1,52,74830.25,13766.77,0
ID-010740,300000,2,3,1,31,37289.3,14973.97,0
ID-010741,200000,2,2,1,38,35630.92,4262.84,1
ID-010742,20000,2,2,1,47,1165.37,17343.55,1
ID-010743,150000,1,1,1,74,19791.98,19116.86,0
ID-010744,50000,2,2,2,38,69303.39,4734.31,0
ID-010745,20000,2,2,2,43,13170.27,17652.31,0
ID-010746,50000,2,1,2,31,33210.0,1939.58,0
ID-010747,300000,1,1,1,41,1146.47,1114.14,0
ID-010748,10000,1,2,2,64,38266.84,2584.48,0
ID-010749,20000,1,1,2,25,1681.69,1154.82,1
ID-010750,500000,2,2,1,43,65568.76,16900.24,0
ID-010751,150000,2,1,2,61,65988.3,1181.0,0
ID-010752,20000,2,1,1,45,63019.38,5433.28,0
ID-010753,20000,1,1,1,61,22669.13,2075.13,0
ID-010754,20000,1,4,2,74,66978.98,5908.44,0
ID-010755,200000,2,3,1,30,43439.85,1811.19,0
ID-010756,20000,1,4,2,42,29904.65,13360.07,0
ID-010757,50000,1,2,2,39,50026.4,2666.54,0
ID-010758,10000,1,1,2,21,987.28,17036.92,0
ID-010759,300000,1,2,1,27,11436.87,16343.82,1
ID-010760,100000,2,2,1,24,59383.48,273.23,0
ID-010761,20000,1,3,1,21,19532.93,17914.53,0
ID-010762,150000,1,1,2,35,47840.73,578.89,1
ID-010763,20000,1,2,1,60,30808.21,4792.92,0
ID-010764,150000,1,1,1,32,68384.46,647.78,0
ID-010765,50000,2,1,3,42,76193.22,6716.87,0
ID-010766,150000,2,2,2,42,70685.18,10277.33,0
ID-010767,500000,1,2,1,70,21649.6,15932.9,0
ID-010768,100000,1,2,2,67,15533.03,6759.63,0
ID-010769,10000,1,2,2,37,37954.79,14109.8,1
ID-010770,150000,1,2,1,49,586.73,3750.09,1
ID-010771,150000,1,2,1,66,2064.75,15011.97,0
ID-010772,10000,1,3,2,34,44263.25,4719.93,0
ID-010773,100000,2,4,2,70,41635.95,2870.9,0
ID-010774,20000,1,2,2,40,79566.56,3708.18,0
ID-010775,150000,2,1,1,70,16147.35,3641.26,0
ID-010776,10000,2,2,1,68,20648.31,10257.26,0
ID-010777,500000,1,2,1,53,9083.25,16895.95,0
ID-010778,500000,2,1,1,63,73403.44,1592.1,0
ID-010779,50000,2,3,1,35,62224.9,14139.13,0
ID-010780,10000,2,1,1,32,65787.13,13086.93,0
ID-010781,50000,2,3,2,60,72221.1,17450.4,0
ID-010782,500000,2,2,3,74,41992.0,4882.95,0
ID-010783,100000,2,2,2,40,36095.46,9002.2,0
ID-010784,20000,1,2,2,50,26431.32,18516.55,1
ID-010785,10000,2,3,1,58,47137.17,13199.87,0
ID-010786,300000,2,2,3,23,36342.27,7775.37,0
ID-010787,500000,2,2,1,48,36125.25,2628.25,0
ID-010788,500000,1,1,3,46,74954.23,5249.7,0
ID-010789,300000,2,2,3,50,78722.52,11624.31,0
ID-010790,200000,1,1,2,33,63718.75,14363.36,0
ID-010791,500000,2,2,3,33,60540.65,2488.44,0
ID-010792,150000,1,2,2,22,54444.65,11991.95,0
ID-010793,100000,1,2,1,57,13285.99,11007.03,0
ID-010794,10000,2,1,1,69,4728.47,10279.11,0
ID-010795,300000,2,1,2,58,55258.11,13802.46,0
ID-010796,150000,1,2,1,22,58302.9,16748.99,0
ID-010797,300000,2,1,2,56,3757.84,6459.79,1
ID-010798,10000,1,1,3,74,74244.14,17780.24,0
ID-010799,50000,1,1,1,46,7291.25,3212.67,0
ID-010800,10000,1,4,2,31,22872.04,3460.48,0
ID-010801,200000,1,2,2,28,53791.19,5335.44,0
ID-010802,10000,1,2,2,64,13589.81,2390.62,1
ID-010803,10000,2,1,3,60,4433.27,4606.38,1
ID-010804,200000,1,1,2,63,26491.72,2128.24,1
ID-010805,100000,1,2,3,42,61277.73,16435.05,0
ID-010806,500000,2,2,2,40,33094.29,2779.38,0
ID-010807,10000,1,1,1,28,52237.83,14945.95,0
ID-010808,200000,2,1,2,49,46369.53,958.28,0
ID-010809,150000,2,1,2,60,1777.48,18970.41,0
ID-010810,50000,2,2,1,46,79083.2,14223.2,0
ID-010811,50000,1,2,2,50,3314.25,135.93,0
ID-010812,10000,1,1,2,37,77424.22,15277.13,1
ID-010813,100000,1,1,1,40,43989.13,10281.64,0
ID-010814,100000,2,1,2,72,77052.72,15587.3,0
ID-010815,150000,1,4,2,36,9180.29,10449.94,1
ID-010816,10000,2,1,2,66,39232.68,12820.5,0
ID-010817,50000,1,2,1,63,13560.33,15726.63,0
ID-010818,100000,2,2,1,27,4077.99,8102.16,0
ID-010819,10000,1,2,1,36,49402.33,54.16,0
ID-010820,300000,1,1,2,65,16622.67,16998.93,0
ID-010821,100000,1,1,1,67,47015.76,7617.81,0
ID-010822,200000,2,2,2,68,8989.16,9920.85,0
ID-010823,300000,2,2,1,47,26558.92,155.33,0
ID-010824,500000,1,2,1,73,62530.6,9841.84,1
ID-010825,100000,1,2,2,43,34964.12,19729.75,0
ID-010826,50000,2,1,2,44,50219.63,5565.35,0
ID-010827,20000,2,4,1,29,51796.64,7908.37,0
ID-010828,300000,2,2,1,55,67500.4,13743.8,0
ID-010829,500000,1,1,1,71,25993.82,16295.87,0
ID-010830,150000,2,4,2,40,54983.65,8347.83,0
ID-010831,150000,1,2,2,57,76929.26,6193.38,0
ID-010832,50000,2,2,1,62,58419.47,18756.52,0
ID-010833,100000,1,2,1,37,39189.64,13542.9,0
ID-010834,10000,2,3,1,67,50457.4,2380.43,1
ID-010835,100000,2,2,2,51,59174.63,1378.56,1
ID-010836,50000,2,1,3,28,48982.06,9671.0,0
ID-010837,150000,2,1,1,35,1334.07,4401.8,0
ID-010838,100000,2,3,2,51,15581.88,5079.7,0
ID-010839,150000,1,1,1,73,64837.46,17553.84,0
ID-010840,300000,2,2,1,50,21812.05,1791.32,0
ID-010841,500000,2,2,2,66,58524.97,14307.28,1
ID-010842,10000,2,2,2,40,29769.62,5422.85,1
ID-010843,300000,1,2,3,59,41750.75,15206.56,1
ID-010844,150000,2,3,2,73,5437.86,14448.23,0
ID-010845,150000,1,1,1,32,14498.04,147.84,0
ID-010846,20000,2,1,2,69,76575.76,10182.71,1
ID-010847,20000,2,1,1,37,71211.04,2786.39,0
ID-010848,300000,1,3,2,62,52182.01,17324.54,0
ID-010849,200000,2,2,1,50,36771.57,17431.72,0
ID-010850,300000,1,1,2,49,54060.9,8366.92,0
ID-010851,20000,1,3,1,39,49488.82,8887.91,0
ID-010852,150000,2,3,1,66,45484.18,6065.66,0
ID-010853,50000,1,3,2,31,4734.17,14332.13,0
ID-010854,300000,2,3,1,54,50624.21,7173.23,0
ID-010855,150000,2,1,2,70,61513.6,5355.85,0
ID-010856,50000,1,2,1,27,79526.53,8644.62,0
ID-010857,50000,1,2,1,64,886.28,1829.75,0
ID-010858,20000,1,3,1,54,58413.88,14932.06,1
ID-010859,300000,1,2,1,40,45743.15,251.93,0
ID-010860,100000,2,2,2,70,34724.17,12889.7,0
ID-010861,10000,2,2,1,58,10205.61,3657.29,1
ID-010862,20000,1,1,3,44,32726.81,4648.08,0
ID-010863,20000,2,2,2,30,28350.17,12712.64,0
ID-010864,100000,2,4,1,52,24226.39,19858.87,0
ID-010865,10000,2,3,2,72,58470.37,15554.35,0
ID-010866,150000,2,1,2,35,56058.04,4516.79,0
ID-010867,200000,1,1,2,57,47121.61,3520.5,0
ID-010868,300000,1,1,1,40,75093.19,17324.66,0
ID-010869,200000,2,2,1,23,27988.35,8883.68,0
ID-010870,150000,1,3,2,57,19504.16,2741.06,0
ID-010871,500000,1,1,2,60,52472.27,17244.23,0
ID-010872,20000,1,2,2,28,15905.12,16321.85,0
ID-010873,10000,2,3,1,60,25200.84,19678.13,0
ID-010874,20000,2,2,2,64,17968.2,18194.87,0
ID-010875,50000,2,2,2,43,5532.29,17035.81,1
ID-010876,20000,1,2,2,60,66199.9,1051.49,1
ID-010877,20000,2,2,1,31,20363.24,2088.31,0
ID-010878,150000,2,1,2,66,37842.2,11379.66,0
ID-010879,150000,1,2,1,28,3465.22,10629.58,0
ID-010880,150000,2,2,1,49,55947.16,9159.26,0
ID-010881,200000,2,3,2,50,26444.88,7935.79,1
ID-010882,50000,1,2,1,30,59578.94,8624.21,0
ID-010883,500000,1,2,1,59,32992.24,11385.96,0
ID-010884,500000,1,1,1,48,15660.45,41.53,0
ID-010885,150000,2,2,2,69,41054.01,5214.18,0
ID-010886,10000,2,1,2,56,10440.36,10365.59,0
ID-010887,200000,2,1,1,33,35243.13,14444.32,0
ID-010888,100000,1,2,2,52,25384.44,3483.13,1
ID-010889,10000,1,4,2,56,72956.77,10937.62,0
ID-010890,300000,2,1,1,57,4874.3,14289.19,0
ID-010891,300000,2,2,2,46,55521.39,8892.55,0
ID-010892,10000,1,3,2,42,14620.09,541.62,0
ID-010893,150000,1,1,2,24,25523.61,8985.36,0
ID-010894,100000,1,2,1,51,33241.13,5928.9,1
ID-010895,100000,1,2,2,38,72641.21,18592.99,0
ID-010896,200000,2,2,2,58,19406.26,2492.27,0
ID-010897,100000,1,1,1,44,7304.7,13049.52,0
ID-010898,300000,2,2,1,43,25495.17,1054.4,0
ID-010899,50000,2,2,1,42,8374.08,8923.41,0
ID-010900,150000,2,2,1,22,10287.72,11079.59,0
ID-010901,100000,1,1,2,51,45908.05,5959.1,0
ID-010902,200000,1,2,1,31,4872.15,9101.51,0
ID-010903,300000,1,1,1,48,2474.47,3271.08,1
ID-010904,50000,1,2,2,66,57153.13,6082.48,1
ID-010905,20000,2,1,1,52,28931.77,12422.13,0
ID-010906,20000,1,4,3,25,10030.03,6036.0,0
ID-010907,50000,1,2,1,58,20289.02,17994.86,0
ID-010908,300000,2,1,1,30,51366.92,12568.14,0
ID-010909,200000,1,1,1,60,22042.93,8772.98,0
ID-010910,50000,2,1,1,66,39561.69,775.14,0
ID-010911,150000,2,3,1,44,9735.62,9990.97,0
ID-010912,150000,2,4,2,55,47047.49,15295.52,0
ID-010913,20000,2,2,3,64,25286.21,5311.15,0
ID-010914,100000,2,2,1,68,50157.47,16135.47,0
ID-010915,200000,2,2,2,43,64671.59,5036.14,0
ID-010916,20000,2,3,2,37,48931.71,16474.93,0
ID-010917,100000,2,2,2,21,23659.81,1705.37,0
ID-010918,100000,1,2,1,51,20459.5,17323.67,1
ID-010919,500000,1,2,1,51,26193.68,9983.73,0
ID-010920,150000,1,2,1,62,13169.64,5930.75,0
ID-010921,300000,1,1,2,62,14493.75,5302.27,0
ID-010922,10000,2,2,2,73,63255.29,8640.21,1
ID-010923,300000,1,2,1,54,30778.61,19980.99,0
ID-010924,10000,2,2,1,29,34879.61,4406.55,1
ID-010925,50000,1,1,2,42,47523.96,2064.33,0
ID-010926,150000,1,2,2,33,47172.28,11700.7,0
ID-010927,100000,1,2,3,45,5390.15,9770.85,0
ID-010928,200000,2,2,2,68,66523.26,10483.93,1
ID-010929,10000,1,1,1,38,14186.12,13338.71,0
ID-010930,300000,2,2,2,71,57845.73,5342.88,0
ID-010931,100000,2,2,2,32,61813.68,18213.3,0
ID-010932,10000,1,2,1,60,57191.96,8713.44,0
ID-010933,10000,1,2,2,37,46318.21,2581.72,1
ID-010934,500000,1,2,2,35,1168.72,14845.98,0
ID-010935,10000,2,3,1,62,28830.04,12862.09,0
ID-010936,200000,1,1,2,35,48387.15,6314.87,0
ID-010937,150000,2,3,2,35,30996.1,12430.37,0
ID-010938,200000,2,2,3,59,69078.39,4397.24,0
ID-010939,20000,1,1,1,33,24704.18,8896.79,0
ID-010940,100000,1,1,1,37,23482.78,17988.25,0
ID-010941,150000,2,1,2,52,21279.82,2670.68,0
ID-010942,500000,2,2,1,29,26622.47,7733.93,0
ID-010943,150000,2,2,2,60,44592.4,16422.85,0
ID-010944,150000,1,2,2,40,56561.22,19389.82,0
ID-010945,300000,2,2,1,46,53005.43,9078.52,1
ID-010946,150000,1,2,2,47,64617.43,10139.99,0
ID-010947,500000,2,1,2,41,70873.12,11443.44,0
ID-010948,200000,2,1,1,38,65286.32,18646.96,1
ID-010949,150000,1,2,2,33,1515.63,17164.14,0
ID-010950,50000,2,1,2,36,58873.44,3412.02,0
ID-010951,100000,1,1,2,29,16671.97,8735.16,0
ID-010952,150000,1,2,2,32,10634.24,9280.01,0
ID-010953,100000,2,2,2,64,51079.1,15781.92,0
ID-010954,50000,1,4,2,58,25579.46,12057.86,0
ID-010955,50000,1,3,2,39,4569.37,13084.41,0
ID-010956,100000,2,2,2,27,11010.38,19964.0,0
ID-010957,10000,1,2,2,55,74.35,1499.2,1
ID-010958,20000,1,2,1,68,72257.89,4460.2,0
ID-010959,300000,1,2,2,38,1969.44,8157.92,0
ID-010960,10000,2,1,1,36,16756.46,6955.65,0
ID-010961,10000,1,2,1,59,33301.02,432.91,0
ID-010962,200000,2,3,1,24,28525.71,1835.55,0
ID-010963,300000,2,2,3,45,72938.07,13619.07,0
ID-010964,300000,1,2,2,52,3223.12,17586.49,0
ID-010965,10000,1,2,2,60,40977.18,10284.54,0
ID-010966,150000,1,1,2,33,54438.36,10783.82,0
ID-010967,200000,2,2,2,65,74535.84,5101.87,1
ID-010968,200000,1,1,2,37,49629.7,15357.53,0
ID-010969,50000,1,1,2,69,64300.42,15035.89,0
ID-010970,500000,1,1,1,57,6698.0,11767.31,0
ID-010971,300000,1,3,1,26,30875.16,4253.29,0
ID-010972,10000,1,1,2,39,29915.77,1940.36,0
ID-010973,50000,2,2,2,33,70903.06,1284.77,0
ID-010974,100000,2,1,1,46,12109.69,11853.92,0
ID-010975,20000,1,3,1,34,12150.89,16500.71,0
ID-010976,500000,1,1,2,51,26284.65,17166.61,0
ID-010977,500000,1,2,1,74,4357.28,9272.44,0
ID-010978,500000,1,3,2,24,14596.64,15685.43,0
ID-010979,200000,2,3,3,59,77216.77,18937.6,0
ID-010980,100000,1,1,1,28,34254.72,5503.4,0
ID-010981,500000,2,3,1,45,50561.54,7959.21,0
ID-010982,100000,2,2,2,33,58088.9,18629.58,0
ID-010983,150000,1,2,2,52,29356.91,6764.62,0
ID-010984,500000,2,1,2,58,11778.17,18277.53,0
ID-010985,20000,2,1,3,58,16526.48,19620.9,0
ID-010986,100000,2,2,1,48,25061.32,13236.21,0
ID-010987,100000,2,2,2,73,50885.47,16337.81,1
ID-010988,20000,1,2,2,50,31862.44,14990.91,0
ID-010989,500000,1,2,2,23,545.18,13990.69,0
ID-010990,20000,2,2,1,48,41872.57,6138.62,0
ID-010991,100000,1,1,2,23,73721.07,1141.89,0
ID-010992,20000,1,2,2,65,64966.21,6861.03,0
ID-010993,100000,1,1,1,74,66016.91,13338.72,0
ID-010994,100000,1,2,1,54,63604.64,2050.58,0
ID-010995,150000,1,2,2,36,25898.47,238.36,0
ID-010996,10000,2,4,1,42,61215.51,2793.85,1
ID-010997,100000,1,1,1,52,11452.91,14314.72,0
ID-010998,500000,1,1,1,58,52617.29,19455.87,0
ID-010999,50000,1,1,2,28,51325.49,19661.29,0
