longitude,latitude,housing_median_age,total_rooms,total_bedrooms,population,households,median_income,target
-120.5546,34.2402,28,4168,681,557,144,1.3211,98836.68
-114.7929,37.5939,7,3846,1076,1486,389,2.2455,140408.42
-116.9801,40.7057,35,4038,666,2625,721,8.9211,404822.9
-118.3134,39.3829,28,284,64,3476,920,13.9671,500000.0
-122.7398,40.0817,14,5270,1638,608,253,7.7028,390848.06
-122.7401,38.6926,10,978,231,3884,1512,12.7227,500000.0
-123.7192,39.0074,16,3657,1278,3308,1283,6.9654,323170.2
-115.6382,40.4824,16,572,150,3152,1144,10.7745,492004.51
-118.2888,34.8469,31,5954,1276,2357,846,11.1122,500000.0
-117.2193,37.1006,42,3573,693,470,152,3.0225,135569.64
-124.0942,34.5794,25,4576,1007,1602,691,5.7376,310482.85
-114.6009,41.7841,13,4938,1109,3672,1086,9.7409,453291.43
-115.9756,41.3742,6,1679,275,353,151,1.5251,117142.96
-122.1766,32.8706,44,5882,1317,991,378,5.7423,260573.33
-122.4818,39.1324,9,4678,1136,3160,1051,8.2546,387074.54
-122.466,41.1973,45,5892,1735,3610,1005,14.9453,500000.0
-121.2576,34.1974,36,5821,1638,3765,1082,7.3807,323986.45
-119.0524,37.8387,43,1366,399,2639,802,12.3328,500000.0
-119.9805,41.1056,20,2907,441,3791,1640,6.765,314481.5
-121.3877,32.8191,18,5058,979,1351,437,12.0477,500000.0
-118.1815,39.0558,43,1174,331,3324,1528,9.1335,465021.58
-122.9051,35.2951,21,5671,1400,1139,413,13.3556,500000.0
-121.3786,41.1893,4,5473,827,2205,780,6.4587,366476.09
-120.6364,41.6279,50,2637,820,2365,1137,9.2624,364387.09
-119.7393,41.3761,33,1073,327,2319,910,9.6353,437972.07
-116.4482,36.9576,27,5722,1486,1877,480,6.5521,319677.19
-122.3033,40.6032,7,1428,233,1603,410,2.5925,138468.3
-119.1577,40.4388,6,3424,1039,3211,1187,1.8566,144286.27
-118.3759,35.4995,15,1569,419,742,356,0.7417,81880.8
-123.8355,40.2918,18,5827,1785,304,129,13.1662,500000.0
-118.2246,32.8479,32,276,83,1528,549,3.9289,166803.83
-122.5948,38.1049,11,5405,1679,2350,603,3.5668,166979.57
-123.6495,34.6621,20,5018,1273,306,134,11.1725,500000.0
-114.8111,33.6333,24,941,168,2480,703,5.1402,210698.86
-114.6437,33.2234,15,5624,1599,491,221,7.8376,384243.25
-116.216,39.0451,48,4122,1130,1931,487,2.8564,178640.34
-121.2539,35.6948,7,5182,1547,2696,976,14.4163,500000.0
-123.3233,39.3128,21,2307,424,1163,328,12.8479,500000.0
-117.4577,33.1143,42,2838,536,3870,1441,13.0249,500000.0
-119.8985,35.4637,26,446,146,2487,764,6.3982,282918.86
-123.0796,37.5712,44,5269,1581,631,265,11.5542,476488.18
-119.3482,39.9328,14,2128,706,3165,1381,2.5862,148576.17
-123.9561,35.4963,37,4794,1447,1785,461,0.625,98073.92
-115.2068,38.3834,21,4474,1205,3785,987,0.7896,73221.57
-121.7122,40.8282,18,3287,923,2695,714,9.0057,444008.47
-117.6748,38.2891,5,5628,1845,68,21,7.1032,336658.22
-121.1829,34.6898,3,3943,1048,1174,325,8.0112,369636.6
-119.0993,32.7294,23,5097,1409,2704,1265,0.6082,56930.63
-118.8329,40.6789,26,2055,373,3887,1456,6.629,332946.29
-122.4515,32.6999,37,2066,506,1430,544,10.912,476712.72
-114.6042,40.7222,24,3221,945,1615,494,6.9191,301476.14
-116.5487,37.472,49,2718,555,3882,1431,11.1172,471891.69
-114.905,41.3272,19,1928,367,2130,927,3.8788,113157.47
-115.3517,40.0086,51,1246,265,2043,640,12.2906,500000.0
-118.321,41.8806,25,1822,361,3350,923,9.0323,402779.6
-115.0813,35.7967,21,211,41,1597,578,3.5561,110611.86
-123.4151,39.7116,12,4026,946,3751,1656,3.9324,177725.56
-122.3402,36.2782,41,1801,597,911,381,9.6064,410113.18
-123.8477,37.0108,33,825,207,204,82,12.5341,499563.88
-121.0467,38.3986,50,5973,1120,3544,1363,6.5266,339729.48
-120.4132,40.7126,4,5197,860,954,290,4.2454,256358.19
-121.5865,41.7504,42,989,286,1319,412,13.0717,500000.0
-116.0126,39.7218,7,3270,741,454,134,10.2044,392895.59
-120.7325,36.427,22,589,185,893,328,6.9972,306069.25
-121.4907,36.4608,33,4967,1400,1832,502,7.5746,340390.51
-118.873,39.4333,17,1511,467,1614,670,3.4617,158901.37
-122.8908,34.7445,24,5234,1070,1234,420,9.5886,435258.74
-116.278,33.5385,34,405,117,796,221,5.7018,229309.85
-123.5545,35.8334,28,3654,741,1775,752,14.9369,500000.0
-114.4311,35.2,43,3373,1139,3238,1459,7.4627,366869.54
-116.5776,35.2853,41,284,79,320,85,7.5453,353143.51
-122.3128,34.6959,39,1598,343,819,305,8.7049,382548.66
-124.2448,32.8957,22,2146,438,1765,524,13.793,500000.0
-116.1454,32.668,49,4263,802,1560,761,12.1119,500000.0
-117.2314,41.7846,17,2151,621,221,65,7.0414,330864.25
-117.0099,36.5211,34,1723,334,323,123,10.9211,463990.83
-116.5873,36.1127,6,5213,1403,2356,1116,9.0004,473221.81
-123.5596,38.8887,46,2150,436,1208,375,7.6393,373549.42
-120.7153,34.5516,6,3707,1047,1756,708,3.2886,154766.18
-123.1413,41.4296,34,4703,1472,3843,1386,7.2271,378173.64
-115.669,39.8916,1,3646,1114,1821,843,4.0644,225674.79
-118.067,33.3405,10,3798,1148,471,205,13.7652,500000.0
-120.991,36.4253,21,3223,604,1494,576,5.3634,210774.82
-123.6644,40.7637,5,1865,313,1259,578,14.3078,500000.0
-121.1902,41.3805,2,3891,1128,2461,644,8.2293,397260.17
-121.0482,36.8936,22,2055,460,3728,1853,9.6574,483190.83
-117.0039,38.2661,48,4543,1074,2475,834,8.3726,412336.01
-117.9244,34.0701,2,724,113,3644,1622,2.376,130173.4
-115.4279,41.817,10,436,88,629,241,5.9494,296836.27
-119.5779,34.6777,34,2208,346,940,244,1.9376,146331.48
-123.1041,41.3617,16,2711,883,771,332,9.5328,439445.72
-117.1676,38.6067,48,2114,420,3317,844,6.9797,298143.38
-116.6921,38.2127,51,3901,1020,930,386,11.7808,499271.83
-118.6872,37.3193,39,3303,521,1171,336,3.6968,206451.19
-116.5903,34.6683,22,5029,1425,2702,873,2.8862,191982.42
-119.362,34.1594,12,4686,1006,2057,546,6.3918,314313.36
-119.0727,34.5726,24,4316,1422,2119,682,13.9355,500000.0
-120.0246,34.2525,47,789,258,1523,496,10.8011,423773.32
-124.0458,39.8281,40,1451,312,3293,1377,6.5744,318821.67
-123.2211,35.7912,38,3309,1093,432,185,8.0004,303635.86
-123.9857,33.0437,10,2327,813,2231,582,1.7211,161004.43
-117.9359,41.6096,35,3954,1246,1499,564,14.7764,500000.0
-121.1564,40.8076,51,3973,1267,3146,1146,10.1629,452113.89
-119.2143,41.2209,49,4264,852,2600,739,4.6384,250293.93
-115.2243,41.8521,32,3277,870,3306,1235,8.9942,426016.24
-121.8071,34.1346,7,2881,471,3206,821,2.0875,140898.81
-120.1962,36.2247,21,3808,643,1640,472,14.5046,500000.0
-116.7445,39.6274,20,2562,896,1836,575,3.0344,203204.19
-122.012,39.0426,26,2201,474,193,51,9.8964,486077.9
-123.5302,33.9466,4,3725,1116,1936,922,4.0591,192731.28
-121.4025,40.1688,46,2795,870,1752,697,10.9046,434821.35
-122.6878,34.6097,22,3916,1259,1485,507,11.7639,500000.0
-115.003,34.6039,15,3814,1333,273,111,10.2646,453367.26
-116.2188,37.5476,40,5851,1160,269,77,9.4102,440011.48
-117.966,38.0736,21,5868,928,228,59,13.4408,500000.0
-115.5854,37.9528,15,2272,528,1704,598,1.6401,52093.89
-116.2633,33.36,22,2842,500,482,180,5.2983,312580.16
-122.4343,40.7481,28,1747,270,314,80,4.1002,196542.95
-115.3744,34.9966,14,5590,1241,1003,347,14.8262,500000.0
-118.9066,33.7174,27,3512,1077,478,161,6.1462,318469.78
-116.2256,40.8542,41,4113,1083,3783,1399,11.1229,500000.0
-115.3391,41.4831,40,5905,1255,2513,658,10.4285,478522.24
-121.12,40.604,28,1574,442,3574,1139,3.5752,195744.82
-123.1995,40.1095,26,4810,945,2824,801,3.9655,228340.66
-122.0206,38.6593,49,82,13,2294,633,4.5786,190145.52
-120.0289,37.6781,2,4075,1234,1627,606,6.4613,275085.34
-116.1199,33.3177,25,2616,719,3174,1107,3.8977,169912.43
-115.6927,36.3395,3,2853,863,529,143,0.7849,91033.86
-124.2305,36.0033,8,3946,623,3564,1307,13.2512,500000.0
-119.1925,34.9417,44,3759,1193,1403,391,14.5013,500000.0
-120.1259,39.3001,33,5697,1560,3372,869,5.4528,334074.53
-122.0789,37.1612,42,769,202,3928,1210,5.4083,274943.84
-123.1013,33.2618,35,4629,1273,939,270,0.6028,72194.72
-120.9238,34.5697,6,1022,330,3904,1081,10.3636,486815.05
-114.8709,38.9226,39,3768,1008,974,264,12.4689,500000.0
-121.068,33.2156,23,4452,1185,2220,796,2.6258,169113.7
-119.1121,40.5013,25,4602,1602,1952,928,2.8152,186366.86
-117.2698,37.1544,50,2257,680,1460,521,11.9562,500000.0
-120.6637,37.0175,43,4476,1067,1412,422,9.4362,407770.48
-114.5822,38.0686,19,4370,1274,827,285,1.1505,145087.95
-114.6755,40.252,5,3080,702,2445,699,9.5269,462399.39
-121.7822,35.7694,51,3625,710,78,29,4.9793,174158.67
-119.3275,38.8734,11,5625,1515,3072,940,5.8465,286440.92
-121.2912,37.8179,12,3166,1063,84,35,11.6611,500000.0
-121.4516,35.0101,10,3335,1120,3639,1040,12.2586,500000.0
-123.9311,40.7591,8,5228,1142,1469,475,6.3052,350220.07
-118.2044,39.9958,24,693,177,2720,1130,14.2337,500000.0
-119.2732,38.6894,28,4761,916,3415,1322,6.3937,273864.11
-123.7852,40.4955,41,244,85,638,182,11.6916,486887.55
-121.5135,40.6526,36,4046,1401,3470,1170,7.5162,369130.13
-115.2173,39.1586,37,538,151,3268,1344,13.5142,500000.0
-121.9044,40.3679,21,2254,701,3188,810,13.6625,500000.0
-122.8511,39.0562,8,2707,793,953,278,1.7675,140171.58
-119.4055,38.8933,9,5395,1449,2617,669,14.0792,500000.0
-114.4435,38.3149,47,3326,534,2219,777,12.4703,500000.0
-121.8794,39.5755,15,1152,278,389,132,11.974,500000.0
-117.5786,33.9909,48,5293,1508,224,59,3.4132,171664.57
-116.6838,40.7802,46,1291,369,1973,647,12.1742,500000.0
-121.9236,40.6953,40,565,127,1764,517,12.8269,500000.0
-117.0178,32.7749,18,5771,1953,646,258,4.6927,261123.37
-120.6222,40.2627,42,5273,967,500,173,14.3078,500000.0
-117.9769,33.7114,20,442,111,606,270,1.223,63560.93
-117.9647,35.6501,6,680,196,1209,501,2.6737,176767.98
-118.9423,39.489,12,3766,1090,3976,1986,8.2949,345789.42
-123.3971,34.0111,2,1897,531,3137,1509,8.849,372372.3
-115.947,40.1889,7,2705,555,1406,356,9.8547,500000.0
-121.0922,40.3221,16,1029,186,3316,1335,0.7461,61685.38
-122.4348,37.2702,3,4579,1269,3617,1087,14.4253,500000.0
-123.8922,32.56,45,3452,932,2106,573,1.1465,141568.71
-118.3911,35.1982,3,3921,729,3949,1273,2.5744,101647.32
-117.5244,38.2991,27,327,95,2431,1054,0.7032,100050.39
-124.1341,41.7232,50,282,68,3454,999,8.7194,394654.31
-119.1791,38.439,43,1602,454,1066,333,14.0179,500000.0
-122.035,34.9422,40,5740,1822,2424,700,10.1562,429502.31
-117.8483,38.4597,38,5259,967,2112,597,12.4285,500000.0
-122.5563,37.5759,33,3320,511,888,225,0.6926,55621.57
-117.3906,39.8305,28,2459,752,1687,536,8.3592,414306.33
-120.4326,33.5056,1,3562,969,275,102,7.1637,352777.37
-114.9327,39.6537,8,75,22,3546,1076,7.735,378898.06
-122.9248,37.5879,37,5563,1767,1863,872,1.5471,122665.08
-120.8893,41.5521,32,510,158,3529,930,10.4243,398339.95
-123.1653,35.7136,48,3814,1305,2210,987,7.7967,263321.68
-115.0531,38.4466,43,3481,895,2070,779,11.5947,500000.0
-115.5266,41.2611,37,5237,1297,1501,413,7.5367,351240.95
-121.7206,33.4636,4,5152,1187,2098,657,2.666,192346.63
-117.7002,41.3099,30,3533,639,2363,848,9.8997,441088.4
-116.1278,38.9661,6,2044,541,1564,531,2.9996,237746.32
-118.748,33.1377,46,540,111,1281,345,13.1497,500000.0
-119.0035,35.3291,19,1122,375,1695,632,9.3902,408309.57
-121.8815,39.1568,32,3223,859,1785,477,2.7795,171415.89
-123.369,33.1331,9,265,71,3049,1401,14.4539,500000.0
-115.3278,37.9724,12,1773,392,3490,982,8.0163,376304.91
-115.2958,35.7513,11,1642,263,355,96,1.557,78465.59
-117.969,38.3366,46,2656,415,2109,892,9.5891,423586.44
-120.9097,32.93,16,208,49,3466,1212,4.1714,195560.43
-120.8079,40.6924,1,4831,806,3586,1538,12.1536,500000.0
-117.0404,41.6508,45,3363,913,1773,519,12.3584,500000.0
-115.3289,41.6075,21,2891,943,1739,566,14.6947,500000.0
-115.4291,39.5467,30,1826,596,1567,479,7.7771,355422.93
-116.5012,33.7228,13,2102,592,1441,602,7.0969,313801.76
-117.8797,39.6277,34,5989,1151,3967,1637,11.4254,500000.0
-123.4586,32.7311,4,2345,756,3034,1457,2.4208,118325.45
-122.6837,32.708,28,5735,1877,469,177,8.4303,427097.7
-115.3145,35.5419,38,1746,331,2986,957,8.4206,437638.69
-118.2357,37.0932,31,3043,905,3912,1053,1.7974,96424.82
-124.208,39.7418,27,2519,522,2268,680,6.5608,348036.07
-123.2853,38.923,5,1996,620,183,64,12.8726,500000.0
-117.665,36.6915,25,3859,1349,2080,532,12.9142,500000.0
-124.2494,35.0721,3,2833,442,3062,891,1.9389,205875.97
-122.6919,41.873,33,3694,1217,1500,389,1.8155,117578.85
-118.8127,36.5061,4,5291,1453,3146,1030,4.3091,201211.02
-117.381,36.743,25,5727,1974,1603,637,13.1841,500000.0
-117.7804,34.0381,20,2550,620,3311,1572,2.3691,154246.52
-122.0573,39.9712,34,3695,1180,1214,352,10.94,500000.0
-117.1782,39.0206,26,2695,438,3676,1639,1.9669,118955.65
-121.9275,34.5752,5,2399,521,1919,737,9.5355,414380.22
-121.046,33.2744,35,1982,324,1869,610,5.663,303740.45
-116.8351,38.8967,28,3344,1154,2755,881,11.9393,500000.0
-117.8037,38.6524,29,1807,566,3436,1073,3.8885,156768.29
-115.8078,35.0686,9,5135,1646,3565,1528,9.7684,482517.26
-117.7239,41.4381,38,5687,1920,1392,504,3.9174,230716.06
-118.6169,33.9199,50,1166,195,1514,468,10.8481,454995.03
-123.3633,36.5639,6,2617,594,3213,816,13.1683,500000.0
-120.6228,41.37,19,3549,583,2276,659,2.3386,133243.81
-121.648,36.4454,44,542,104,1129,294,13.0656,500000.0
-121.8601,38.5021,11,3356,657,1228,348,9.1068,448611.44
-114.5699,36.2374,2,669,163,1745,548,2.3431,148371.89
-120.369,35.0776,47,3282,669,160,67,6.6994,269353.31
-115.3795,41.7494,44,3873,659,2234,670,2.8325,166178.98
-117.9886,36.3477,44,2430,446,2329,717,10.655,453918.31
-116.3519,40.9045,9,1596,286,3089,964,11.5036,500000.0
-119.2736,34.6616,21,5008,1726,517,174,2.034,150436.55
-118.531,34.5032,24,5837,1762,2829,925,7.839,383580.23
-119.3748,32.7927,34,3613,1241,2578,966,12.3121,500000.0
-122.3476,38.6257,22,1655,394,3189,1049,14.0744,500000.0
-117.0755,35.9641,3,3802,782,863,360,7.946,414453.03
-121.4923,40.625,12,4725,1463,1322,366,14.279,500000.0
-124.0568,36.9482,28,1940,418,1043,440,8.2675,375423.49
-117.8453,41.601,30,1325,278,2081,959,6.2158,262163.62
-122.5289,34.2439,26,2793,549,372,130,12.7989,500000.0
-114.8954,40.6651,48,2543,447,3019,910,7.6482,342097.23
-114.7607,39.8,21,5501,1107,953,331,7.3426,365923.03
-115.1514,39.7467,28,5308,1173,1591,623,7.6095,426735.89
-120.5984,40.441,26,406,116,2049,658,12.7784,500000.0
-124.1454,39.6536,33,5770,938,1865,692,12.5632,500000.0
-115.0168,38.3865,21,919,177,3553,919,6.351,260632.79
-120.0182,33.7337,35,935,292,3608,938,5.3328,268854.2
-114.6335,32.8057,34,2051,368,2703,900,7.633,360517.84
-114.6638,41.156,41,5559,1215,2526,951,8.8052,454154.84
-115.7699,38.2965,51,1333,430,3390,976,3.9559,222749.66
-121.3555,39.9875,47,669,121,3830,1847,12.0123,500000.0
-120.449,37.0263,18,932,155,3658,1240,7.554,333717.86
-115.7886,33.6027,11,846,209,197,74,5.3437,268618.05
-121.1308,33.6767,23,3692,777,1191,310,2.0489,135585.6
-122.6051,38.9443,48,3475,913,899,444,3.9633,230508.93
-118.732,36.5449,22,1346,418,416,134,14.2646,500000.0
-114.9385,34.3849,17,4764,845,2947,847,4.9239,253383.54
-117.3397,37.121,5,5980,1592,1139,383,2.9485,151480.19
-118.5994,33.1036,44,294,74,2088,962,7.1798,356663.62
-123.3282,37.9705,11,2945,527,2910,738,4.9528,274793.22
-118.1499,35.0285,30,979,269,3491,1150,1.0098,70702.3
-114.3995,39.9971,15,5416,1109,224,69,5.1856,293290.2
-122.8992,35.4174,27,569,141,1904,770,8.3896,377174.84
-119.1167,36.7791,35,3262,543,637,215,8.4998,428360.54
-115.5263,32.6092,33,2459,595,544,190,5.6701,214705.59
-116.8923,33.181,20,57,12,3070,1428,6.9859,307805.27
-117.3298,36.1894,16,2575,810,1187,537,14.5,500000.0
-117.2752,37.0114,34,3473,561,3232,879,5.9716,306124.95
-120.7051,38.1402,2,2069,484,1834,740,4.2443,282295.2
-121.3641,35.2416,35,4640,1121,3560,1490,4.0303,180257.79
-116.2064,39.0328,40,5775,1704,3836,1274,7.1376,376544.9
-116.1989,40.5852,28,5208,1379,1220,345,11.513,500000.0
-115.6293,39.8306,47,4332,1228,84,40,3.4868,137180.14
-115.1676,32.8724,39,3717,1135,1048,332,10.7848,471611.93
-119.1866,37.0168,6,3721,1200,1382,617,0.8067,94677.13
-119.2848,33.4863,9,2851,607,2635,1271,6.5745,274148.32
-116.317,34.7752,20,135,35,2847,1352,11.75,500000.0
-117.8004,41.7746,1,3165,1007,1087,296,5.4116,307984.49
-117.2803,33.8395,8,4282,1490,423,189,8.6742,402650.31
-116.3421,37.1895,23,2518,826,2654,1270,3.4722,197241.99
-115.3999,38.3107,3,3669,823,1501,522,11.2589,500000.0
-120.92,39.1032,4,1686,319,1801,488,1.258,106385.7
-120.5442,37.7607,25,3633,901,2330,923,12.8619,500000.0
-123.3602,32.5918,47,4059,1211,754,265,3.3738,201511.42
-118.5172,35.5687,38,3376,839,612,294,13.1788,500000.0
-123.9406,37.3665,15,2268,559,3036,1048,5.6117,278565.64
-119.644,33.3259,21,5897,1873,2984,946,10.9789,500000.0
-118.8736,35.7959,35,2267,504,2823,899,5.1288,235565.8
-121.4346,32.8121,46,5933,1910,3784,1420,13.6357,500000.0
-118.3917,33.2386,14,5017,1161,3561,1353,2.3362,183298.48
-123.995,36.2311,36,2419,522,3623,1637,3.0885,172537.95
-123.9265,33.7475,12,3688,888,3396,1242,7.6489,390759.42
-116.074,37.8349,17,2553,772,1923,874,1.6881,122943.95
-120.6981,38.981,39,993,174,2173,615,3.3417,97484.23
-123.0294,40.0255,9,5772,1093,488,124,14.1846,500000.0
-119.0776,34.3814,35,2887,982,3853,978,14.6591,500000.0
-116.6001,34.0743,13,2710,502,1933,518,5.9558,333803.23
-122.1418,33.4829,15,2986,787,2029,634,13.8876,500000.0
-118.0711,38.4824,18,4494,1195,748,220,8.4,413002.65
-123.4465,39.1409,51,3997,991,1362,530,4.4113,206934.63
-123.7832,32.7969,33,1726,481,3012,923,10.6848,436994.69
-118.9865,41.3004,6,1246,244,1613,554,10.0541,459075.96
-118.8936,32.9885,27,4155,1083,2988,1008,14.8423,500000.0
-117.9257,37.5882,23,2837,637,741,211,4.3432,241672.73
-117.0391,39.1652,27,1511,427,2350,917,10.2449,455548.41
-114.5415,40.6871,34,3368,600,3247,1232,1.2543,66387.64
-119.137,39.2124,46,716,189,1250,325,2.1479,99197.95
-121.0704,40.0362,38,5668,1060,3158,1495,0.5568,59473.24
-116.3481,35.6908,14,2226,458,2507,844,14.9922,500000.0
-121.5917,40.1594,36,3793,735,1684,440,12.133,495135.66
-119.9103,33.2531,8,650,121,1683,523,11.9075,500000.0
-123.5154,40.9113,35,2702,852,176,57,7.891,404362.62
-124.0465,37.6474,19,4472,926,1556,623,4.851,240833.29
-114.6735,40.1826,30,3874,1299,1241,462,2.6933,139379.08
-115.9402,36.7518,14,3956,1361,2689,726,4.6278,212453.4
-117.3403,38.5496,20,1029,272,343,110,5.9516,284125.09
-120.2105,37.4482,49,2501,447,3966,1309,11.4665,500000.0
-122.5671,39.3769,25,678,152,3759,1709,8.3251,433974.48
-122.7356,33.2673,40,1679,520,1416,697,1.6235,111896.98
-121.7976,33.0673,24,3746,837,1069,272,0.7614,91385.81
-118.8077,34.8228,14,3480,583,2407,874,1.9838,123447.81
-117.154,33.9997,26,3724,973,2759,860,6.4522,302411.0
-117.698,40.6948,38,3979,1269,2625,1216,14.0313,500000.0
-121.5007,34.5606,23,2815,870,2637,783,9.7423,432820.74
-114.7513,41.6731,22,4419,818,468,121,12.1265,500000.0
-116.921,35.6668,48,4830,1374,493,156,7.2624,339885.58
-118.7565,34.2119,19,165,32,734,326,5.7442,253368.16
-118.1828,39.9232,46,5006,969,3679,1163,2.0718,132652.62
-120.104,38.6919,51,2053,667,2937,831,13.201,500000.0
-121.8227,37.183,3,742,148,2333,829,11.8558,500000.0
-120.7403,37.7204,42,3212,651,1512,402,2.9377,233121.16
-116.7215,39.2605,19,1155,173,2311,701,7.9278,346825.69
-124.1561,34.6475,9,3058,991,134,35,7.5669,374681.11
-123.1393,41.8655,28,2211,682,2891,890,9.5638,455154.29
-123.84,41.6631,20,5938,1636,1817,803,14.2197,500000.0
-123.8927,38.6131,45,203,61,134,51,8.9067,376853.36
-115.7454,34.3757,7,5573,1005,1994,830,8.3332,353593.48
-117.2634,38.8941,14,3749,906,3610,946,1.2297,118949.96
-119.5583,33.1787,9,5435,1197,2162,614,1.4122,133021.86
-123.3217,32.7881,19,4460,753,1719,513,3.2165,181090.01
-119.3838,34.9222,47,3836,948,712,274,0.9708,80506.64
-119.5653,36.8487,14,1114,372,676,285,11.2786,500000.0
-122.568,40.6618,38,4250,672,113,32,10.9883,500000.0
-119.9615,39.3354,36,1963,409,3464,1175,2.4728,150321.29
-120.315,39.4814,40,1266,242,3036,1238,12.6231,500000.0
-118.1415,36.4996,17,5570,1101,3996,1236,2.7444,190654.37
-117.9491,35.7518,30,2451,813,968,465,4.867,233384.07
-123.847,35.9878,9,1822,444,1425,537,4.1102,238278.77
-120.5539,41.7839,33,2010,489,1231,419,5.8985,260666.71
-118.0414,32.877,25,2830,855,1662,724,4.1926,221545.75
-119.2686,40.6501,14,5749,1040,540,136,7.5898,326624.84
-115.7351,37.9395,11,4854,1201,3779,1563,6.4074,313968.69
-117.7131,36.623,35,4796,1132,1928,853,14.8053,500000.0
-122.6707,39.3174,41,2921,787,3584,1489,1.3109,65528.95
-123.5943,37.0747,14,5092,1782,3346,946,2.5616,161320.99
-117.8758,40.7102,30,710,216,1990,698,1.266,17037.91
-124.0349,40.9666,41,2685,616,362,116,9.5747,384870.78
-118.4422,36.4642,4,2379,751,2712,1328,1.2904,78316.76
-114.8977,35.1022,4,4004,737,968,468,12.6284,500000.0
-118.5453,38.0681,28,2500,390,1932,668,7.9231,375426.27
-120.4183,41.0762,8,1182,226,862,237,8.1416,375892.33
-117.8671,34.4802,2,749,163,3037,805,8.6431,386991.2
-119.7175,38.3559,41,2088,526,1539,708,2.9768,147638.95
-118.8438,38.4367,46,4697,1282,3209,1043,3.3665,206626.37
-114.8854,39.3913,22,4550,1511,1376,360,5.1229,273050.6
-120.439,33.7367,41,4607,1161,729,263,9.1057,406744.63
-114.6881,39.2288,16,2229,558,484,132,3.5467,233811.98
-115.2465,41.0449,29,2888,462,731,322,2.1868,195911.25
-122.3421,34.189,49,923,145,1208,312,14.5667,500000.0
-123.6064,34.7329,48,133,35,1123,321,0.8187,75088.3
-123.2922,41.6311,30,1472,350,1505,388,12.1391,500000.0
-124.1178,34.2012,12,2725,866,2437,727,11.9265,500000.0
-123.3556,40.5312,35,3230,588,2444,896,4.8096,244497.28
-117.4699,37.1274,11,4366,677,2743,708,2.4666,163321.98
-123.5881,34.824,46,4025,965,1420,557,2.6116,166294.45
-121.1102,40.685,50,1441,285,698,262,10.6128,479363.97
-115.8512,36.6859,21,3268,523,294,86,9.8207,411324.99
-124.0673,37.3393,21,4257,1255,2206,625,11.8498,500000.0
-116.1553,35.8768,5,664,114,3946,1023,14.0935,500000.0
-121.4815,38.0737,48,5727,1556,3920,1627,10.5329,469671.5
-123.1184,34.0371,20,3021,623,2630,731,2.7598,138416.34
-117.3326,36.1762,37,3615,668,3211,923,4.0299,220946.33
-118.0106,41.6125,3,3626,819,345,162,12.7118,500000.0
-115.5253,34.9265,44,4620,1434,2209,796,3.5349,177126.48
-116.9493,38.6733,33,320,73,3934,1533,1.5516,126160.33
-116.2652,35.5568,9,4116,1235,1662,637,10.6976,473694.01
-121.4797,39.7706,9,2518,441,3298,832,6.3366,254405.93
-122.5256,33.7302,4,1440,439,2440,743,13.8406,500000.0
-116.7939,41.6163,35,3404,672,3781,1101,9.9287,429072.13
-116.2317,36.7656,17,4185,1195,2198,556,1.8111,129292.44
-114.3949,34.7189,34,5139,1352,3879,1408,14.2439,500000.0
-120.1738,33.1909,24,3657,1228,2726,756,4.2491,285480.9
-120.5798,34.0957,32,2633,599,1677,585,5.3896,216006.82
-116.5359,37.3859,1,4123,673,3522,942,6.3328,408431.87
-120.892,35.6678,8,3125,481,77,33,1.2428,99617.9
-114.9924,40.2915,45,3956,1248,3034,779,7.6995,360763.4
-115.7159,36.5503,23,339,86,2035,835,2.2881,114475.11
-120.0101,34.8379,47,2530,772,1610,607,6.3141,273214.99
-116.7913,38.3012,40,3302,650,107,30,5.5853,246377.1
-116.7546,39.1437,12,328,72,1571,564,11.7062,500000.0
-123.2688,34.0702,12,2974,464,346,108,12.146,500000.0
-115.2745,34.0756,46,630,216,2231,772,2.7245,150053.26
-119.2475,32.8447,47,5008,1420,3452,991,5.815,218605.22
-116.0354,39.4222,15,303,102,2346,955,5.9136,288764.86
-121.0995,38.7398,41,4326,879,3118,1473,2.6955,184424.28
-115.3448,36.9615,19,4826,1314,2647,1018,12.0776,500000.0
-120.408,40.4352,26,874,250,951,323,10.7548,491924.28
-124.1916,40.0733,29,3882,829,2014,862,3.2605,186871.56
-115.2462,38.0023,22,749,239,1148,424,5.8175,323397.79
-123.3871,40.6618,40,5495,1865,1727,617,2.0342,113186.81
-121.1069,34.4349,21,1430,468,2931,1386,9.609,500000.0
-114.7994,33.552,51,3946,1175,1241,392,2.2599,62902.54
-114.7939,35.0356,38,1723,354,820,218,14.796,500000.0
-118.5656,33.0366,20,2777,573,1576,684,11.8199,475723.91
-117.9816,37.493,29,5784,1982,1428,447,6.1585,366291.63
-119.8155,41.3041,51,3206,487,1298,390,8.8892,388246.97
-121.3679,32.8698,4,3438,1008,3785,1333,13.7145,500000.0
-121.0134,33.6478,7,4357,1269,1604,471,8.5344,422958.14
-117.5748,36.7507,28,5684,1560,195,69,3.0302,185483.84
-116.7763,41.2784,28,433,151,2033,676,5.9912,260000.15
-116.3842,35.4719,4,5860,1245,1314,652,12.7256,500000.0
-116.4038,37.268,22,391,85,1957,578,9.8411,439654.4
-123.3879,32.8908,12,5984,992,2990,900,9.9355,482705.01
-119.3558,33.8944,45,2037,486,2441,1175,13.0689,500000.0
-123.7244,41.7743,3,4109,831,1822,666,13.4626,500000.0
-118.8047,41.5721,22,4989,1091,1108,280,13.837,500000.0
-119.8847,32.5464,44,3159,1001,2799,985,1.8753,116775.48
-115.423,41.447,2,4132,1393,2098,698,8.3898,441004.14
-120.7908,38.5077,24,5680,1063,2069,542,11.2374,500000.0
-123.1293,40.6584,34,4565,1025,202,59,11.4754,444695.83
-122.8701,36.7746,27,2848,956,2526,798,9.2974,383904.81
-116.6849,37.3466,41,3290,534,557,155,2.9184,172543.1
-118.1178,37.0952,1,2038,343,3247,871,12.0626,500000.0
-123.2888,38.7685,8,3464,632,540,185,10.9416,500000.0
-123.4589,33.8127,23,1899,511,3603,1221,1.749,94524.73
-117.2903,32.7818,38,355,64,394,142,7.2252,329579.5
-123.5724,35.3945,6,3663,1259,1985,505,3.0227,157847.1
-116.0814,39.124,22,2799,670,1811,534,5.3934,276529.74
-117.2376,34.3974,25,5014,1255,270,125,0.7622,94654.37
-123.4865,38.8303,18,1185,236,1988,534,6.3048,274491.2
-123.4516,41.6172,17,5580,1363,1992,673,8.4732,455073.51
-114.4336,33.3827,12,255,72,772,361,9.4839,373461.92
-120.5573,38.8225,6,4641,1393,3146,1015,10.1206,470780.37
-120.5936,36.6713,26,3500,1053,577,204,12.6262,500000.0
-116.172,40.6605,27,3861,1025,3303,880,3.6242,255799.06
-114.8275,34.1652,8,3672,1215,1572,653,2.247,172191.94
-114.44,39.0107,19,3649,1144,2938,804,12.8473,500000.0
-116.7662,40.3783,42,2601,784,1714,550,2.7709,144449.54
-120.5374,41.3794,1,5191,836,3163,1500,14.634,500000.0
-123.465,38.9225,29,4358,660,530,134,12.7168,500000.0
-116.5285,37.1734,45,359,69,3027,1001,7.7627,286869.55
-118.716,38.3078,49,2758,780,1921,744,14.7306,500000.0
-120.0578,40.6677,35,2041,474,3869,1317,1.912,128594.21
-115.2365,37.8637,40,321,74,2969,799,4.8945,247366.04
-123.188,32.7856,14,3692,1207,1512,579,9.7543,471810.77
-119.3737,41.2509,35,4136,1361,1475,618,5.5751,329305.17
-124.1865,38.9816,48,1872,621,3667,1624,13.9614,500000.0
-119.6134,38.8592,45,3323,707,394,152,1.4516,66094.9
-123.737,34.5273,20,4588,1322,94,26,8.4665,421466.1
-123.1118,38.6935,49,4399,899,3767,1280,9.0676,377030.23
-123.1247,36.2023,13,570,107,2118,863,9.9646,401236.36
-117.8079,38.6216,38,1026,192,1707,732,4.2072,260393.34
-116.8396,33.502,49,3772,824,3191,1197,5.7862,227209.74
-118.4663,38.6837,46,3601,850,1937,499,12.7334,500000.0
-114.6783,41.8945,49,4155,1314,2970,1106,3.3267,177561.98
-120.5513,32.9532,8,2823,491,2145,539,12.4896,500000.0
-121.4429,41.6854,43,2602,773,1564,527,8.6585,331785.91
-115.614,36.3249,20,2882,739,2648,1123,11.5517,500000.0
-122.064,40.6851,33,3957,821,2384,630,10.8473,460465.69
-114.6678,39.8544,26,5729,1424,1051,360,3.5089,224829.34
-124.1785,37.83,39,5280,1109,1083,317,8.7478,379607.77
-114.6012,39.4414,21,202,54,2639,665,13.082,500000.0
-123.8684,40.758,49,5804,1374,2090,995,6.7657,298118.9
-115.3886,36.2989,42,3014,551,2853,1301,14.5156,500000.0
-119.023,35.5741,43,2966,514,323,94,7.0571,301948.52
-114.3704,38.7754,41,2850,739,1005,392,2.5704,138727.0
-123.562,40.0938,9,5360,1771,2697,1139,6.1468,350642.62
-118.7615,39.6655,24,1802,394,1829,880,14.2997,500000.0
-114.607,39.9994,37,2660,789,430,210,5.136,213080.62
-119.069,36.5945,49,3925,1106,1402,395,13.0874,500000.0
-118.006,40.1876,41,1154,388,528,233,13.2781,500000.0
-117.3425,33.63,17,2586,813,2112,719,5.5777,272168.5
-119.7546,37.6182,24,5040,1327,565,176,1.7072,126728.46
-118.0244,32.5541,21,5257,1479,240,84,11.0061,500000.0
-118.4569,35.5511,51,4249,1401,1241,604,5.0169,223925.55
-115.2884,35.9447,39,3904,898,3642,1021,11.8524,496306.17
-123.8455,36.224,41,3544,763,2718,1345,6.9185,334006.83
-121.4904,39.0374,39,1964,299,1210,343,7.5364,314896.12
-114.7959,36.1524,13,3122,984,2251,594,11.7797,489498.92
-115.3974,36.7177,11,1056,328,1461,510,6.0443,328386.0
-119.7434,34.7329,46,456,78,3330,1084,6.9253,320934.86
-118.0987,36.0086,19,5547,1472,321,109,5.9548,359452.07
-121.5262,34.6363,11,216,52,192,69,5.8264,302155.03
-122.4188,33.188,13,558,97,3732,989,8.1262,333293.69
-119.663,38.1724,46,1711,592,1962,518,12.2276,500000.0
-120.7665,38.7812,45,3714,717,3941,1475,5.7456,245425.15
-118.4634,38.3232,1,3539,578,1142,354,8.1017,341714.71
-123.5227,36.8568,40,4908,1320,2344,608,10.2255,450144.02
-114.5561,36.07,44,730,217,3382,862,4.4069,237371.99
-114.4379,40.6153,19,2574,403,837,277,4.5241,242581.38
-117.3184,37.3794,12,2170,611,2176,749,14.0345,500000.0
-118.939,37.0043,8,5310,1362,1731,677,10.9913,497731.75
-121.2047,32.741,8,4727,807,672,172,8.8692,420117.0
-116.162,35.7077,45,4407,813,3891,1702,9.8919,394537.63
-117.4527,36.0738,12,1413,372,3726,1179,0.9248,109452.17
-122.6738,36.2489,48,1381,289,2622,1022,9.4625,404542.95
-115.1907,37.9536,33,2342,791,2869,1122,7.8879,319008.15
-116.0746,37.5159,45,1588,498,987,351,8.4134,328560.79
-114.802,38.2143,26,3458,1199,3742,936,5.7116,315773.92
-117.0428,39.6899,39,610,123,3451,1636,1.6814,89381.61
-118.1658,40.1421,28,1149,395,3310,1048,3.3034,209591.56
-120.1176,39.2504,5,1953,461,1168,539,14.2858,500000.0
-114.9727,41.4819,8,224,49,666,288,6.4261,334837.45
-115.6394,32.6714,25,2206,353,1081,375,7.2669,323203.05
-123.8478,34.3403,27,2280,366,116,38,1.2643,23536.59
-124.0363,32.5711,46,4337,1251,3617,1437,1.0447,99862.89
-120.5354,38.5863,23,4210,1017,240,91,10.8991,500000.0
-116.1945,40.9415,30,3970,775,3487,1604,8.3024,385884.3
-114.4272,34.7887,45,1547,422,2865,1099,7.8762,290588.53
-122.7958,41.2141,47,3904,783,570,145,4.0253,186785.65
-118.3587,33.0665,23,3221,855,1039,267,11.2989,500000.0
-120.4911,41.2837,49,1617,359,1190,446,2.9394,118221.34
-114.6009,35.8053,47,1201,378,2364,752,3.2541,85750.38
-115.8788,33.4534,20,418,131,1684,441,7.1803,326366.48
-115.9167,37.0672,18,4996,1226,2582,1283,4.6511,228477.71
-119.6131,34.9137,18,92,20,3630,1002,4.0882,258168.75
-120.1518,35.1778,2,1957,435,3419,877,9.8559,456052.0
-121.5659,35.3885,4,3540,1101,1237,567,9.9391,477351.37
-123.7362,40.0484,30,2585,557,425,183,12.4555,500000.0
-115.6528,37.5681,33,4223,810,702,179,6.5568,319699.0
-116.171,35.4263,36,2923,488,3389,1102,1.5597,59434.02
-114.3028,38.2371,18,1874,456,598,295,4.4682,197893.01
-114.3336,39.2318,37,1343,331,1147,456,14.7101,500000.0
-118.7457,35.0627,19,4819,1533,3629,1251,9.1457,436706.86
-116.6101,36.3874,47,4846,941,122,36,10.7912,470422.79
-114.8523,33.6457,28,4904,1109,2405,694,0.6067,99373.14
-115.8035,34.2028,40,3436,1071,248,62,8.014,382915.86
-121.8265,38.9025,20,3022,951,3251,1263,1.0442,156604.84
-119.7946,34.2055,49,3972,901,1831,595,8.7538,400403.99
-123.0084,37.4365,33,5047,1220,3945,1286,13.8512,500000.0
-114.7595,39.165,12,1042,220,621,221,14.5421,500000.0
-118.2383,33.5046,51,5337,1796,840,359,8.338,402931.97
-122.0136,37.8327,15,2436,423,1688,427,7.144,370309.77
-117.583,34.9117,41,2290,771,1881,507,14.2027,500000.0
-118.1187,41.5515,39,1526,438,1905,636,10.2673,456433.2
-120.7184,37.0453,2,3457,886,1560,487,1.441,97007.35
-123.1644,40.0763,29,439,69,3974,1619,7.253,310816.04
-117.5843,37.6721,41,1049,257,1224,396,3.9836,219464.19
-119.0969,32.9081,10,4670,1081,3790,1118,7.3122,383225.46
-116.5768,38.4516,2,1905,347,3327,1098,7.1043,322352.43
-119.0984,41.4432,51,5652,1590,228,57,8.9411,405668.74
-115.7782,38.1552,11,708,244,2294,712,5.6732,258885.55
-118.7809,40.2004,13,2813,738,784,286,2.8819,259592.09
-118.6906,40.8115,10,3713,1088,2186,617,7.8039,384071.74
-115.5335,34.6439,14,5036,824,848,362,12.5379,500000.0
-120.2652,34.4932,18,1531,358,3555,1284,10.1282,493448.01
-122.9598,38.2432,51,3781,655,837,311,5.4063,300380.84
-124.0122,36.3637,9,501,137,2845,993,14.0651,500000.0
-116.7486,40.3947,39,2525,853,3304,927,13.727,500000.0
-118.0969,40.9602,28,3272,924,258,87,3.5356,215015.45
-117.2592,35.8222,3,1587,262,542,151,1.0716,88803.45
-122.1704,34.7266,20,3143,694,3251,1031,11.249,499596.5
-122.9363,39.8369,6,932,242,2762,1029,12.5003,500000.0
-124.1546,35.0832,27,4458,1028,3134,866,14.534,500000.0
-120.7941,40.2326,2,4118,1304,1707,689,13.4026,500000.0
-118.4008,36.4831,29,4985,1560,2968,1212,9.2078,428758.63
-120.3776,38.775,38,2616,713,781,260,8.1858,400654.66
-119.9253,33.398,3,3327,748,1179,468,0.9037,121578.5
-115.2584,38.3643,16,424,85,3496,1732,4.0765,174220.35
-120.8174,36.7466,30,4596,787,1655,502,7.1644,293040.7
-119.1601,38.0141,40,3747,828,3828,1267,9.6133,396167.11
-116.4635,34.0793,2,3112,724,2795,967,8.5802,394966.81
-120.3346,39.4266,17,4740,1352,3220,819,11.2682,500000.0
-118.0791,40.6103,41,3300,929,643,205,4.5566,208814.99
-115.6764,34.5374,12,5379,882,3708,995,8.6918,439658.95
-114.8048,33.3997,35,4645,1064,2983,1309,1.7781,111018.44
-122.8293,32.7222,43,4609,859,2949,940,6.4982,319181.72
-115.0341,38.5345,1,162,29,1265,339,11.3773,500000.0
-119.3788,38.2067,45,5181,1634,374,118,10.5543,500000.0
-121.7176,37.639,15,3247,514,1028,299,14.8643,500000.0
-119.7086,34.6803,26,2428,568,1799,656,4.5294,296568.57
-114.4997,36.1745,37,1974,363,1900,870,7.7237,332487.5
-119.3738,38.0881,21,189,62,3053,1047,5.2782,211371.29
-121.0125,37.1696,49,1474,385,1540,552,6.8887,301910.55
-117.966,41.7852,31,2999,589,943,253,12.9258,500000.0
-121.8985,33.7825,25,3218,806,1440,579,10.421,497286.16
-123.5414,39.0344,23,566,168,3439,874,13.2954,500000.0
-123.0112,36.3006,24,2666,911,193,49,3.4509,213221.61
-123.0195,36.5251,38,937,182,433,174,13.1637,500000.0
-122.781,39.2454,28,3154,1032,2313,858,1.3666,116215.33
-122.9117,39.0089,21,5487,1848,3482,918,13.3847,500000.0
-117.8913,41.8178,43,99,33,2421,616,5.2716,294131.0
-122.4812,33.7069,18,4001,1109,3136,1086,5.0615,260204.37
-120.8433,33.4786,36,3610,996,266,101,7.9253,355713.7
-115.3321,39.3088,35,68,16,1565,513,14.14,500000.0
-119.5604,37.9368,45,4871,1464,3048,903,1.1928,103767.43
-117.6244,35.0771,9,1523,390,3668,1440,5.6073,286195.56
-122.5768,33.2465,38,4111,1174,2280,657,12.9203,500000.0
-122.3771,33.3052,30,2656,626,2367,1125,6.2428,311586.91
-123.8913,40.9054,44,501,148,3042,1450,3.3878,173012.39
-122.6106,34.3036,34,5310,1672,1540,555,6.6595,356333.37
-121.5141,35.5397,32,5253,942,2967,1096,6.0905,340256.04
-122.5299,34.6306,3,3815,1208,1685,640,13.7735,500000.0
-123.413,35.837,3,2488,642,3640,1221,11.548,491769.05
-123.0936,33.1526,28,4360,1391,3663,1387,7.8242,345849.35
-119.6922,37.3792,44,1599,378,2564,1075,14.8314,500000.0
-122.2367,33.1356,15,3524,796,2402,917,7.2465,354944.68
-120.6573,40.0234,41,177,59,1217,308,1.3444,136545.61
-119.2658,34.6969,23,5991,1200,160,57,4.303,255533.14
-117.3961,37.5761,40,4905,1564,1063,368,6.823,350057.07
-123.9069,40.7727,11,5961,1471,281,89,2.7751,213470.71
-116.3059,38.6182,48,2811,711,1764,445,14.2397,500000.0
-118.021,37.5098,32,4506,954,3705,1492,11.6193,500000.0
-123.4824,35.5487,36,4714,1247,3843,1143,4.3902,194068.03
-115.5642,35.6302,33,1465,315,1805,526,9.0667,394945.63
-115.0913,38.7932,24,5743,907,3713,1155,10.961,500000.0
-123.6892,41.8449,39,5838,1193,3621,1663,14.1485,500000.0
-121.5312,38.7213,34,251,38,2692,803,13.2837,500000.0
-116.238,37.7432,28,2419,836,1627,764,7.9703,321955.93
-116.8174,39.3681,37,567,195,1346,422,11.7325,500000.0
-122.4548,36.8729,7,5494,1258,3824,1099,8.6511,400080.88
-122.2065,33.0653,4,5581,1650,2270,937,8.5142,385659.48
-120.5953,37.7856,37,1391,305,1022,277,2.1638,81946.32
-119.4548,41.5017,1,4826,1372,1080,524,2.329,149409.39
-118.1175,34.1478,1,2038,634,3276,888,8.1782,329589.65
-120.6109,38.986,47,3595,1220,3643,1247,4.3985,203963.03
-119.6747,34.3888,20,5637,1297,2643,1085,0.805,133369.61
-116.8253,37.5368,19,4570,1401,2645,1166,10.9812,496936.65
-123.9332,33.4088,29,3852,783,567,145,0.9711,58278.44
-121.7756,36.7335,10,5858,2039,963,449,9.1315,446337.9
-117.1665,39.6079,18,3325,516,2312,964,8.3183,394493.87
-115.3479,35.7672,28,3704,1003,2231,828,14.5478,500000.0
-119.1832,38.7502,35,2484,700,2382,735,7.5211,369485.63
-118.9789,39.9772,43,4923,1416,3247,1051,1.4222,119170.94
-123.2283,41.2155,47,5972,1040,1994,886,8.4995,423492.0
-119.8259,34.7056,31,257,87,1512,586,12.6959,500000.0
-118.9738,36.2536,27,5683,1058,1922,776,14.9543,500000.0
-121.8753,33.9327,11,5805,1594,2783,1147,6.74,392893.21
-121.6076,41.8293,49,2683,522,3273,1160,5.1443,195619.63
-120.5272,41.2138,49,4167,881,2428,712,13.6465,500000.0
-124.0993,37.5756,38,203,53,3659,1503,3.273,159611.26
-121.0792,40.4151,5,3416,797,3504,1282,9.4237,432783.32
-122.1855,37.397,8,4364,794,3236,1163,6.3829,306549.12
-121.025,38.3617,34,4814,887,2991,757,1.0957,105508.22
-123.1024,33.3378,48,1568,366,3603,922,5.5357,253962.12
-115.3947,39.5995,12,2650,799,1357,377,4.3458,218640.93
-118.3641,33.7005,38,5095,1679,948,382,10.4483,453327.27
-117.509,40.265,1,2245,375,1148,537,14.2575,500000.0
-116.4083,39.8511,31,4548,1040,1239,470,4.3867,210993.89
-119.3156,39.1622,4,4741,806,1262,498,12.2663,500000.0
-123.4308,32.8399,49,3604,553,2175,722,1.3027,100164.93
-118.9289,35.3494,45,2464,696,3044,856,8.3028,430824.58
-118.4316,34.9733,50,5583,1510,3723,1002,1.523,95356.31
-116.8456,35.8853,5,2899,529,737,200,14.0435,500000.0
-119.9834,33.3238,30,5303,1043,2118,779,11.6121,500000.0
-123.0242,41.3074,24,1792,277,615,182,10.0403,453172.34
-121.4622,37.7057,3,1356,430,1257,479,12.4465,500000.0
-120.6692,35.3719,11,3899,1345,1944,916,9.889,481405.36
-117.8408,36.2316,45,4218,747,3343,982,14.5497,500000.0
-118.5922,36.7037,4,4626,908,876,434,10.8524,500000.0
-120.739,38.1456,26,4705,1523,1401,497,13.9075,500000.0
-114.4348,37.3474,27,4890,1640,2276,856,7.9984,442480.21
-118.2423,41.1423,46,5612,1313,1861,549,2.1974,132312.94
-121.9277,37.1715,43,4245,680,3233,915,8.1586,379349.22
-123.2822,41.8263,27,5228,825,3857,1479,2.3397,195102.81
-122.7714,40.5034,42,2605,690,3847,1062,9.0912,422665.75
-121.8404,34.46,51,2355,538,1132,437,7.4961,268893.6
-122.6932,41.2476,50,4558,710,1400,484,9.5273,429051.07
-122.4343,33.5938,6,1138,303,3002,869,0.6457,104376.94
-121.449,40.184,15,2692,410,1694,500,3.3252,148663.89
-122.5663,36.0779,30,1227,377,2766,696,7.6243,368627.78
-115.3323,40.753,42,4966,1049,240,98,14.2823,500000.0
-123.4977,40.6597,37,4807,760,1273,383,6.0623,333544.61
-119.0549,40.0757,37,3044,815,1385,430,6.6534,292098.06
-120.196,39.9263,42,609,140,757,198,10.8631,496445.8
-114.4762,35.364,37,3014,1039,3156,1365,9.255,421558.25
-123.1796,33.2606,35,1321,342,428,122,4.8344,285462.51
-120.3214,36.288,23,1863,382,436,139,6.4568,389668.5
-114.6053,34.1311,6,2965,865,3879,1522,3.6566,254238.91
-115.6449,39.0325,4,659,135,2334,791,14.5073,500000.0
-116.1293,35.7533,18,2511,831,665,249,2.3942,218953.12
-121.721,41.6707,9,4170,938,1592,504,5.8916,320118.34
-122.5911,38.5251,49,333,87,2380,630,0.8747,34914.63
-117.6136,40.2313,29,5618,900,2098,668,3.7158,211043.8
-115.0062,33.7457,13,2978,700,1804,553,11.8168,500000.0
-118.7324,40.6029,47,4446,1407,513,169,3.417,210188.62
-118.5839,41.1739,17,1141,355,3351,1594,1.6609,79883.05
-121.5002,37.0784,45,5176,1009,1016,412,7.3796,315758.03
-116.6051,38.1988,32,866,169,221,74,0.6446,53874.7
-122.4296,39.6892,48,132,41,3208,1224,1.7291,111860.31
-121.0632,34.1435,22,1970,662,3674,1554,12.2106,500000.0
-120.0456,37.2241,4,3541,599,1196,398,11.6864,500000.0
-119.2239,36.2474,5,3194,767,892,337,13.7695,500000.0
-121.8759,33.8759,37,2143,466,1371,545,12.8905,500000.0
-123.1516,35.9548,41,4763,1544,1958,669,10.406,437393.26
-118.1938,33.1408,49,225,38,739,326,1.2588,116047.22
-121.4137,32.7426,13,5335,1026,2672,693,11.8513,500000.0
-118.4876,33.7706,34,2754,828,1557,417,12.7599,500000.0
-122.7564,41.5533,45,4987,799,2262,662,12.0867,500000.0
-119.4886,37.6656,22,419,104,2074,937,7.8729,351731.37
-118.9741,41.5787,23,1868,445,1772,499,3.8771,204575.28
-123.7818,36.5655,51,2151,467,432,119,12.7573,500000.0
-120.934,35.4311,3,4835,1107,2306,652,11.0439,500000.0
-122.9559,37.2577,42,3540,906,3860,1733,14.721,500000.0
-123.6663,36.6314,34,1829,333,3553,1081,2.7575,113539.98
-114.4004,33.4932,32,1414,374,1462,399,3.7721,172237.65
-121.0765,38.5238,45,5578,1735,1633,518,3.5711,175261.64
-116.2013,34.5308,51,4512,1363,2321,705,11.9918,500000.0
-121.7536,38.3241,49,3392,613,2100,720,3.2102,166802.21
-117.485,38.6119,21,4789,861,421,138,1.4666,145278.44
-116.6977,33.929,46,3726,759,1760,851,14.9791,500000.0
-118.3436,33.0767,44,2476,550,1519,463,0.8598,83858.5
-119.5842,39.8392,21,122,28,660,305,12.611,500000.0
-120.1816,36.8221,44,3012,861,165,57,5.7978,282334.12
-120.8113,33.0467,11,5417,874,3391,1312,12.7034,500000.0
-115.0047,41.8517,39,909,143,496,160,8.542,373055.3
-115.9938,33.0431,4,3906,892,1441,636,13.5737,500000.0
-114.6497,39.0333,51,4188,1212,3374,997,13.9298,500000.0
-123.057,41.7466,1,2474,467,1390,387,0.6319,108332.93
-116.9913,34.7483,28,1114,310,464,199,1.5935,112149.73
-114.9166,33.8371,24,2267,458,3216,1456,4.1302,233280.47
-122.4877,33.641,35,4067,1331,1858,811,10.2051,428008.01
-123.635,35.3508,13,2309,760,2989,796,13.3799,500000.0
-116.8888,33.4498,47,5662,1186,1097,359,7.1692,319638.26
-118.5553,39.0063,34,3801,745,3749,1278,9.3011,439348.31
-115.8817,33.0855,11,2136,496,2760,1247,3.2332,162717.22
-122.9023,37.2886,36,418,83,1923,583,12.172,500000.0
-116.3473,41.869,51,2854,812,1123,301,14.5263,500000.0
-122.2837,40.1513,17,200,63,3623,991,4.3947,183090.63
-122.6634,38.2831,35,1184,337,767,236,7.675,356066.21
-122.6573,35.3788,18,5649,1779,3619,1683,1.7487,113127.62
-116.1543,38.3646,40,5605,1286,1408,633,8.6075,434238.22
-117.648,37.4542,22,5216,945,3200,1525,7.7904,348079.33
-119.0693,36.5052,24,5169,1538,1655,658,2.5943,181214.64
-120.7117,33.7287,19,5744,1276,3148,1386,6.91,322763.73
-115.528,40.8341,37,2834,806,2368,940,5.3445,271014.09
-120.3755,36.728,39,5535,1130,611,221,8.0665,334791.38
-116.134,34.3295,21,4214,701,2901,747,8.992,406654.51
-119.9087,35.9569,8,2396,835,2344,728,0.6232,57521.6
-120.5306,36.3928,28,5089,922,3897,1062,11.5346,500000.0
-119.6732,40.2789,5,4947,1720,3712,1085,10.8387,500000.0
-121.2862,39.396,17,2300,795,436,196,5.8112,248470.72
-116.8239,39.7315,37,110,34,751,216,1.2676,76658.58
-119.2728,32.6037,36,5091,1435,2656,1041,11.4465,492145.46
-121.9779,36.4118,19,3060,813,1022,312,14.35,500000.0
-115.3043,37.0246,27,3951,1277,1434,535,3.9822,253688.72
-120.4611,32.6804,34,1387,288,3987,998,5.1911,204329.65
-118.8645,34.9422,11,1234,301,1033,409,3.1653,202083.09
-115.2353,39.6467,45,4476,1226,1561,610,8.8656,379805.12
-118.0576,33.7888,47,1601,372,401,104,2.7452,136725.5
-123.131,37.5319,12,4483,1056,1774,866,5.6648,293974.63
-114.9017,34.5229,21,1679,363,2001,590,10.6067,500000.0
-118.0229,32.6139,11,1377,362,1329,385,8.6217,366137.51
-120.9509,34.7673,39,1576,505,3343,910,6.1037,307570.49
-122.9073,41.6732,28,1723,328,1957,496,6.5936,273213.87
-116.3597,40.0344,5,1411,475,802,203,8.6506,363361.19
-118.0993,41.52,17,1623,467,2878,1351,0.585,73868.9
-118.9654,37.0858,20,2736,861,1074,295,1.6384,119867.88
-115.3611,33.5315,41,4420,1155,595,181,13.2782,497758.45
-116.414,37.6508,46,5333,1631,1519,461,1.6292,153620.89
-122.7833,36.7711,12,2416,370,128,57,10.7487,421854.58
-121.1828,40.437,6,3807,1194,1309,397,13.8406,500000.0
-121.8151,33.422,17,2484,393,2431,613,4.4249,270744.46
-116.8605,37.0895,51,2043,670,938,245,5.8721,335874.52
-123.9647,33.9105,19,919,320,3470,1206,8.7494,384179.5
-118.6011,35.552,26,1064,222,3219,1548,13.2848,500000.0
-116.6754,39.4312,48,1961,377,1155,424,14.1576,500000.0
-115.5323,36.9746,44,652,198,2599,712,11.2237,500000.0
-120.8792,36.0333,44,3871,777,2040,599,1.756,102925.23
-116.0874,36.2081,32,5945,1921,1550,531,10.2027,453360.88
-123.1937,36.8188,6,740,126,3825,1813,6.4494,287154.24
-115.8355,39.8792,36,543,95,2862,1003,7.3252,317385.4
-123.0251,40.8856,38,539,186,970,330,1.2127,91685.04
-120.3271,41.4801,11,2606,742,599,155,3.2704,171365.56
-116.327,39.8969,33,4535,1448,2111,643,11.9624,500000.0
-122.8008,35.4648,24,344,74,441,168,7.0824,342254.37
-122.0075,38.9685,23,5538,1580,3468,1137,4.8741,216681.58
-117.0775,36.6135,15,4077,1096,2407,1129,6.0683,294338.93
-117.0996,34.8939,27,2893,783,2483,629,12.8888,500000.0
-117.8885,40.4042,11,2962,849,3330,1224,11.3605,500000.0
-117.3605,32.8612,51,1767,468,1430,484,4.4486,153096.84
-118.8728,40.9766,50,2646,624,1023,377,2.2038,153082.3
-121.782,36.8379,17,4794,984,3722,1106,4.154,192190.88
-120.843,38.4897,51,1923,584,3689,1110,13.851,500000.0
-122.484,38.6979,14,4713,920,3215,937,8.933,412976.6
-115.2155,40.9141,27,3308,954,3214,1267,8.2355,433793.22
-118.4661,38.4847,18,2867,564,389,148,9.1477,442578.77
-120.2915,38.271,28,494,136,2694,1197,5.8074,213096.58
-119.6799,33.1265,51,3691,1105,3566,1077,12.2031,490785.24
-114.8272,37.373,47,4508,873,806,388,8.0877,360679.99
-122.7665,33.9116,47,5357,868,1095,343,2.1928,208147.59
-118.4377,39.4319,4,791,139,2388,639,2.3714,118642.38
-119.2411,37.3149,7,2091,567,3606,954,8.2845,360408.44
-118.1855,38.8941,45,729,233,3905,1347,14.0803,500000.0
-124.1189,32.8917,35,2517,400,2403,823,4.9711,249776.22
-115.5788,33.297,48,3747,1112,2731,1268,13.1083,500000.0
-114.9788,39.2334,9,5788,1263,3249,972,11.5794,500000.0
-118.6487,33.1776,8,5718,1405,2722,747,4.0933,235272.92
-117.3335,33.1698,45,1408,473,988,397,1.0269,115084.96
-115.075,32.6138,17,112,24,3394,1194,1.9768,116786.77
-117.2276,41.4911,17,2609,634,897,244,11.0632,500000.0
-122.7746,39.4326,49,5308,811,491,131,3.3952,199466.02
-118.5371,35.8206,33,3819,635,2600,1046,5.8834,256742.13
-118.2328,35.2874,32,5374,1084,179,58,7.7746,371364.48
-120.0587,35.7872,8,4401,685,3253,1364,11.0193,500000.0
-116.9356,39.7817,19,184,51,646,293,2.1419,147178.49
-114.9563,38.7169,38,3694,869,2008,525,6.3923,303954.41
-115.0443,34.2408,3,5020,1303,1555,427,7.5336,318192.57
-119.7916,34.1366,5,4967,919,911,259,8.342,352135.26
-123.1676,33.4249,13,2185,457,3511,1674,12.3662,500000.0
-114.4516,38.7068,47,3328,941,2690,729,2.9893,147398.73
-115.911,39.6851,46,872,299,1048,364,12.2136,500000.0
-123.0534,34.9914,31,3124,500,2422,902,10.5467,427725.66
-115.0916,32.6969,16,5119,1679,3190,1031,8.5601,440674.38
-115.601,33.2724,50,3031,804,3781,1732,10.6432,427969.93
-119.1116,41.5979,32,5923,1556,2545,724,6.4743,281470.23
-118.3872,35.2772,22,170,43,1601,506,2.5068,142769.07
-120.31,39.7307,29,1687,276,2916,1229,10.1536,479296.15
-123.7524,38.3718,22,5510,926,1690,711,8.1077,452503.64
-120.948,36.0902,43,5153,1392,3286,1387,9.7709,462577.35
-116.2715,34.4335,3,974,213,1561,738,5.401,316804.89
-124.2537,33.641,10,694,231,1786,562,13.6496,500000.0
-120.965,38.2811,42,2082,482,2806,762,9.0169,464878.18
-120.3183,39.7816,21,2811,502,1499,737,1.7383,67242.47
-118.926,38.5527,16,2118,620,3818,1820,7.0222,318362.82
-115.1014,37.4848,12,291,61,1907,606,11.4672,500000.0
-120.8365,32.8943,2,2718,693,314,86,12.015,495033.49
-120.8305,41.6038,41,5765,1669,3996,1506,7.6717,337381.5
-116.925,40.0079,24,852,281,2709,1004,13.4738,500000.0
-119.7778,35.2525,35,5109,1576,3463,1085,4.3812,223986.37
-122.054,41.7117,30,4214,1202,2929,1149,6.4537,356865.49
-119.7756,38.1577,30,5298,1515,3847,1874,13.5297,500000.0
-122.8914,37.9748,47,245,83,3399,979,13.4957,500000.0
-122.5361,39.5319,35,2237,468,2771,852,10.4428,374867.27
-119.3163,40.1306,19,3565,536,1512,478,12.9552,500000.0
-120.1107,38.6709,50,2380,486,206,59,1.7872,132088.46
-115.1515,33.7041,8,2409,466,1495,446,13.0424,500000.0
-120.6761,35.6797,26,4891,1381,2348,974,5.149,265405.83
-118.4941,41.224,49,3656,1012,2975,1100,3.0858,173002.25
-117.9774,34.6114,40,5834,1568,1682,747,3.9709,246944.05
-124.1691,35.9984,7,326,50,2627,1163,6.5605,288806.95
-117.6646,36.5615,30,110,33,2424,723,4.1423,174981.19
-122.5196,36.6304,7,3440,739,3058,823,5.1482,255933.08
-114.6893,38.2616,3,1963,556,944,240,2.4572,195136.11
-122.8134,41.3649,1,3977,1039,2194,674,4.7946,292484.36
-120.1538,34.7625,36,5918,1293,562,237,8.7981,412873.64
-123.4465,33.6421,25,5480,969,265,120,6.9069,371769.3
-114.3313,34.3562,37,5983,1010,3253,897,5.5274,211450.26
-119.278,40.8371,1,2641,835,3381,1071,11.3236,500000.0
-118.3461,38.5706,15,616,206,2222,687,13.4559,500000.0
-123.6292,35.1875,37,3985,1116,3203,899,11.4734,500000.0
-116.8004,40.1699,13,1621,277,3404,999,5.314,232237.66
-122.2009,40.5969,40,4767,1098,1756,479,11.2944,480028.14
-115.3195,40.4572,8,1250,370,2156,1021,2.7037,177270.71
-122.2486,41.1379,5,4459,1364,1617,463,2.3896,185147.62
-122.3931,34.8711,9,2904,504,2258,610,5.5116,267094.04
-123.9345,39.5974,1,2945,442,2381,926,12.2117,500000.0
-119.5793,36.8291,36,1286,376,2203,671,4.072,216171.39
-118.6516,40.4148,35,186,41,1178,448,1.4172,101911.44
-123.6429,39.3478,2,1079,217,3560,909,2.4098,138650.35
-116.5447,39.7986,40,2206,337,277,134,12.9518,500000.0
-119.7671,38.6679,23,2644,682,3821,1209,9.6899,481507.11
-119.0561,34.1678,9,711,228,3703,1587,4.1714,179146.35
-119.8924,37.6233,34,2522,861,2415,705,8.5518,362480.2
-120.2924,41.7559,46,2727,718,1537,654,8.1499,367448.67
-118.7036,41.3114,14,2358,596,851,344,10.0038,423255.28
-122.7476,32.9058,4,136,23,1672,559,3.8812,149825.89
-122.4807,34.0493,30,2562,666,1955,510,13.0338,500000.0
-115.6821,33.7383,31,2992,676,2971,1226,4.9858,182028.35
-114.8388,39.3242,38,2823,766,521,228,10.5649,455639.52
-120.5669,40.1872,11,2554,582,1129,321,0.7338,109390.33
-121.5926,34.507,35,5454,1080,2722,907,5.9035,303910.99
-117.86,37.255,8,3360,568,2110,552,5.5998,275174.52
-120.2127,40.4026,3,1750,373,3561,1553,8.3805,359546.81
-124.0461,39.3883,14,3720,630,1091,331,1.5547,134104.03
-122.7385,37.597,13,2750,510,2791,1132,11.9569,500000.0
-117.1403,38.0493,45,3679,1278,3070,1327,3.6578,200184.98
-117.7108,37.2786,32,4640,1108,2210,656,10.317,474107.53
-124.029,35.297,34,1697,435,278,87,12.1466,500000.0
-122.0803,37.8112,45,5214,1693,220,63,8.6472,380248.44
-121.9893,38.9755,19,5570,1945,344,131,11.2428,500000.0
-117.5811,40.7092,38,3368,898,238,82,10.097,462466.2
-124.1029,38.4811,16,3737,1168,475,169,5.6552,278531.73
-123.2589,39.6545,2,646,139,1026,259,12.2284,500000.0
-116.3008,34.0047,40,4595,970,1152,446,4.7732,220669.15
-122.5146,36.8386,17,534,123,2755,1064,8.7826,383884.87
-117.7725,32.5877,34,695,198,968,357,11.3083,500000.0
-121.9182,34.8188,42,3139,899,3303,1056,5.9949,261469.58
-123.3056,39.3287,16,5775,1230,548,219,4.8901,264145.82
-121.8683,41.823,38,4807,849,1871,488,7.1605,327771.85
-117.0773,33.4323,2,4903,1356,2859,1129,12.3605,500000.0
-115.743,36.274,2,4434,779,915,241,13.9839,500000.0
-115.9978,40.0207,26,770,205,875,396,8.4037,378092.17
-120.3282,34.4179,13,4783,1381,3829,1156,10.0913,498397.82
-117.6191,37.7178,47,548,159,1908,500,13.5975,500000.0
-122.2502,39.3909,31,4779,1437,2168,927,1.9289,162572.23
-121.3685,38.2903,34,1723,559,2345,596,3.8651,168672.9
-115.3366,34.2674,39,3117,779,195,67,10.7791,496477.82
-124.17,35.8406,3,164,49,1691,435,12.4443,500000.0
-123.4449,39.8676,8,3029,829,3896,1162,12.9269,500000.0
-122.2211,37.7097,23,4819,903,1369,526,6.5191,313800.51
-124.0347,32.5492,14,1786,277,2679,1127,1.7954,80062.64
-122.4856,39.6533,27,5403,1118,519,199,6.8478,357515.68
-118.4696,32.8319,29,3661,874,3627,1659,3.8457,227583.67
-120.0858,39.5099,39,2303,630,242,106,4.7223,273817.88
-115.3733,34.4033,39,2344,750,1141,516,11.6979,500000.0
-116.1256,41.5059,1,3680,696,2591,910,1.5951,145248.09
-120.8818,35.9586,17,196,34,3938,1097,12.4999,500000.0
-121.7058,35.5732,41,4032,1382,101,44,6.7012,295091.25
-120.5031,33.8995,30,3503,601,2979,1318,9.1429,391052.05
-118.3971,35.3727,13,4557,1120,2460,748,1.8,116598.44
-121.6194,40.7405,21,5833,1558,1870,781,5.3917,273854.14
-118.0585,41.8655,19,2460,635,3014,1373,1.8007,98711.37
-120.2059,35.9621,19,5678,949,2571,1102,14.4424,500000.0
-118.7795,36.7169,25,186,30,1919,499,12.2053,500000.0
-119.9387,39.2875,22,3410,583,2618,719,7.1647,339747.6
-121.3553,40.8302,31,3055,816,1836,678,3.7422,208663.95
-114.8155,38.0746,17,3602,932,1504,454,14.0351,500000.0
-116.6639,36.1803,23,68,13,1917,624,5.4967,240217.04
-122.8989,36.3786,32,2292,636,3419,1019,2.8343,167398.68
-115.6153,39.0388,10,5147,1616,3556,1057,8.6659,421152.87
-119.4257,32.5303,10,498,79,3817,1172,14.1847,500000.0
-115.3545,38.3241,36,1998,499,2788,1101,0.5555,103257.79
-116.3014,35.8416,8,995,286,3319,1597,3.9528,188344.63
-120.0479,39.9655,20,5523,1107,3249,1116,14.1075,500000.0
-124.0753,33.3741,32,5668,1199,2629,695,2.9807,149173.81
-121.6132,38.0291,50,4286,1169,2057,655,2.142,194323.36
-118.8837,37.0211,14,1970,649,1484,405,8.7677,379968.88
-117.9652,38.5379,50,3027,944,889,223,12.9967,500000.0
-121.7211,33.1096,28,4238,1130,3186,1369,7.4181,321296.79
-122.9064,37.9518,46,4065,1203,3815,1128,14.9212,500000.0
-115.9507,37.778,24,288,64,290,87,10.348,499731.99
-114.456,37.7702,15,254,71,3490,881,1.5741,82202.88
-119.0431,38.1728,22,2657,646,585,147,14.8961,500000.0
-122.5832,38.8588,30,5602,1053,1457,432,6.4145,319431.73
-121.5769,40.0669,4,4390,1275,3552,1428,4.6673,285913.38
-124.1161,35.0363,13,4977,1300,132,37,8.5892,424041.34
-115.157,40.2555,23,3438,762,1031,466,4.9125,265901.2
-123.1225,37.1836,8,3022,1004,3952,1110,1.7536,88470.59
-118.5348,33.2243,18,4440,685,3818,999,0.5207,69842.42
-121.5594,33.0504,12,2737,583,1000,362,7.019,374324.29
-118.7582,35.6418,31,5001,807,3949,1211,12.6345,500000.0
-117.7858,39.878,14,4216,1279,660,231,8.7986,420188.96
-116.0026,39.1522,34,5438,1579,623,217,14.9885,500000.0
-122.2358,39.913,18,1398,302,2383,909,4.6593,218234.69
-124.19,37.3623,34,4450,1269,1038,295,4.5666,271605.18
-122.9311,36.6379,11,5176,1186,3655,944,2.8164,144557.12
-115.2998,33.8861,41,5483,1652,508,131,2.8789,193583.37
-115.5611,35.585,12,866,209,3333,1419,4.6352,239071.34
-118.3259,36.5798,49,5272,1226,2223,593,11.9962,500000.0
-118.2948,33.3328,15,870,293,3534,1017,13.6335,500000.0
-117.6496,34.5738,31,242,48,1572,627,14.6388,500000.0
-122.5463,38.1233,49,1826,318,2522,1182,3.8682,177298.87
-115.1559,39.4152,29,3695,986,2651,1045,13.2788,500000.0
-120.1123,41.8845,26,4674,1607,2707,708,5.2597,257796.69
-120.4686,41.2713,18,300,68,2034,623,2.1362,182175.71
-119.1108,38.5401,32,1838,299,1616,469,13.1154,500000.0
-123.8303,36.4597,22,3750,817,3279,1304,9.7235,429402.14
-122.6372,38.4801,38,2513,631,2209,642,2.8886,188309.98
-116.9197,39.8851,17,5549,1012,2499,1215,6.7326,357265.88
-123.472,33.6124,23,1217,343,3880,1411,4.6652,181567.71
-118.2685,36.3531,24,3943,1378,171,53,11.1835,474020.86
-121.8465,40.3941,50,1146,275,322,140,7.0745,310247.39
-120.407,36.108,8,2729,603,1367,375,14.8446,500000.0
-121.4131,37.8756,41,1897,437,447,181,1.2938,153452.9
-120.7433,38.025,6,3954,684,2568,777,5.6477,317344.97
-117.1095,34.2341,5,554,181,1034,368,7.4876,349374.01
-121.3288,35.905,44,1671,389,1280,401,7.7954,337889.8
-118.636,35.6444,29,2522,574,1183,534,5.0811,233364.09
-119.5395,32.7462,28,2596,732,3561,1751,11.074,433019.04
-117.6633,32.7274,11,1437,343,1351,354,13.1838,500000.0
-114.9317,40.318,1,3044,851,3689,1453,14.1114,500000.0
-116.9743,35.0669,43,3866,627,1960,539,12.1739,500000.0
-122.1506,37.3699,19,5368,1679,2666,667,12.8334,500000.0
-123.9882,35.308,9,767,259,1555,642,8.4829,415890.97
-121.6774,41.3424,27,3534,989,3924,1551,12.4754,500000.0
-118.3492,34.9374,34,4484,1529,3235,973,4.9008,270180.64
-123.7857,36.5388,44,708,128,1966,500,6.2779,239900.67
-119.3363,40.7037,4,5107,1254,2994,781,5.0952,223097.66
-118.3316,40.4142,36,4058,1097,869,289,7.2771,378851.83
-120.9576,34.2494,18,4574,1218,2950,822,4.6409,190127.05
-116.5909,40.0448,15,5044,1162,3598,1584,14.4434,500000.0
-123.234,36.807,51,4284,932,2807,710,5.0362,236336.93
-123.5486,37.0399,13,3814,669,2006,511,1.9216,125629.47
-117.0181,33.7547,19,3039,694,2418,1039,8.1388,390680.52
-119.3451,33.2577,49,4687,856,228,88,1.3279,81723.23
-117.416,39.3426,6,2154,639,946,430,2.1029,153758.06
-119.9517,37.1667,48,1305,250,2316,911,3.6811,184003.66
-121.836,36.6064,12,2532,409,2886,795,7.2331,408945.97
-116.109,39.3574,51,433,113,2022,734,6.7821,256386.72
-116.3058,39.6958,37,2657,715,1601,735,12.0955,500000.0
-117.353,33.9937,17,243,79,541,202,11.2224,500000.0
-121.5785,38.2361,23,3857,1024,110,28,6.6816,317356.92
-118.3977,33.7723,26,3769,826,1127,346,5.3387,229280.75
-120.6903,39.5629,29,2631,817,1753,619,5.0888,289920.08
-123.3842,38.6754,33,2615,675,2635,1129,11.7229,500000.0
-115.1269,41.4922,27,2813,467,2945,741,1.255,62758.1
-122.9318,33.1482,25,2848,750,3085,847,0.6859,92336.04
-114.7976,33.0363,10,2389,792,114,44,12.0354,500000.0
-119.8399,35.1526,47,3456,792,3733,1744,7.4186,339434.52
